Workbook

Sheet Total Price List (v2)
A5: Name
A6: "COLORBOX" BAKLIJST GROEN DONKERGRIJS 40X33
A7: "Altis" Baklijst Eik Fineer 38X25
A8: "Anilin" Ramin Donkerblauw 14/13
A9: "Aniline" Ramin Antraciet 14/13
A10: "Aniline" Ramin Antraciet 23/13
A11: "Aniline" Ramin Donkerblauw 23/13
A12: "Aniline" Ramin Donkergroen 14/13
A13: "Aniline" Ramin Donkergroen 23/13
A14: "Aniline" Ramin Donkerrood 14/13
A15: "Aniline" Ramin Donkerrood 23/13
A16: "Aniline" Ramin Groen/Blauw 14/13
... A419: 051-156
A420: 100367
A421: 100467
A422: 1018
A423: 10190
A424: 10192
A425: 10195
A426: 105467 Altis Eik fineer 20x20
A427: 1073
A428: 1081
A429: 1084
A430: 10992 Verstevigingsprofiel 10x39
A431: 11002.R8 Verstevigingsprofiel 12x42
A432: 12-004 Alpha Aluminium Zilver + spacer
A433: 12-027 Alpha Aluminium Wit + spacer
A434: 12-250 Alpha Aluminium zwart + spacer
A435: 14004
A436: 14307
A437: 14315
A438: 1596
A439: 16371.D33 zwart 15x40
A440: 16380.D34 Wit 15x40
A441: 17915
A442: 17931
A443: 17945
A444: 180-019
A445: 214-004
A446: 215-250
A447: 23546
A448: 273-019
A449: 273-523
A450: 275
A451: 35009.G33 Ramin Wit 14x35
A452: 35010.G33 Ramin Zwart 14x35
A453: 35103.G33 Ramin Blank 14x35
A454: 36312
A455: 36412
A456: 39110
A457: 40467.J36 Spacer eik 15mm
A458: 41182
A459: 4131
A460: 4132
A461: 43202
A462: 44702
A463: 44806
A464: 44906
A465: 46166
A466: 46366
A467: 46465
A468: 47265
A469: 48502
... A474: 61335
A475: 6203/10
A476: 6204/06
A477: 6204/10
A478: 63787
A479: 65430
A480: 66202
A481: 67510
A482: 67515
A483: 67610
A484: 67682
A485: 67687
A486: 68710
A487: 68810
A488: 69385
A489: 71810
... A493: 72702
A494: 72810C
A495: 73902
A496: 74215
A497: 74215
A498: 74235
A499: 74237
A500: 74246
A501: 74315
A502: 74337
A503: 74346
A504: 74910
A505: 74915
A506: 74948
... A514: 76667
A515: 76763.N30 italiaanse noten 20x20
A516: 77010
A517: 77026
A518: 77163.N31 Italiaanse noten 15x25
A519: 77263.C32 Italiaanse noten 20x32
A520: 77915
...

Sheet Pricelists by Sequence
A1: Pricelist Name
A2: Default
A3: Test 1.1 - 10% Margin
A4: Test 1 - 10% margin
A5: Test 2 - 20% margin
A6: Test 3 - 30% margin | B6: -30 | N6: {=(IF(RC[-5]=R4C13,RC[-1]*RC[-4],R3C13*RC[-4])+(INDEX(_xlfn._xlws.FILTER('Service Duration by unit'!R1C4:R400C4,('Service Duration by unit'!R1C1:R400C1=RC[-3])*('Service Duration by unit'!R1C3:R400C3=_xlfn.MINIFS('Service Duration by unit'!R1C3:R400C3,'Service Duration by unit'!R1C1:R400C1,RC[-3],'Service Duration by unit'!R1C3:R400C3,">="&IF(RC[-5]=R4C13,RC[-1],R3C13)))),1))*RC[-2]/3600)*(1+RC[-1])} -> 0 | O6: {=(IF(RC[-5]=R4C13,RC[-1]*RC[-4],R3C13*RC[-4])+(INDEX(_xlfn._xlws.FILTER('Service Duration by unit'!R1C4:R400C4,('Service Duration by unit'!R1C1:R400C1=RC[-3])*('Service Duration by unit'!R1C3:R400C3=_xlfn.MINIFS('Service Duration by unit'!R1C3:R400C3,'Service Duration by unit'!R1C1:R400C1,RC[-3],'Service Duration by unit'!R1C3:R400C3,">="&IF(RC[-5]=R4C13,RC[-1],R3C13)))),1))*RC[-2]/3600)*(1+RC[-1])} -> 0 | P6: {=(IF(RC[-5]=R4C13,RC[-1]*RC[-4],R3C13*RC[-4])+(INDEX(_xlfn._xlws.FILTER('Service Duration by unit'!R1C4:R400C4,('Service Duration by unit'!R1C1:R400C1=RC[-3])*('Service Duration by unit'!R1C3:R400C3=_xlfn.MINIFS('Service Duration by unit'!R1C3:R400C3,'Service Duration by unit'!R1C1:R400C1,RC[-3],'Service Duration by unit'!R1C3:R400C3,">="&IF(RC[-5]=R4C13,RC[-1],R3C13)))),1))*RC[-2]/3600)*(1+RC[-1])} -> 0 | Q6: {=(IF(RC[-5]=R4C13,RC[-1]*RC[-4],R3C13*RC[-4])+(INDEX(_xlfn._xlws.FILTER('Service Duration by unit'!R1C4:R400C4,('Service Duration by unit'!R1C1:R400C1=RC[-3])*('Service Duration by unit'!R1C3:R400C3=_xlfn.MINIFS('Service Duration by unit'!R1C3:R400C3,'Service Duration by unit'!R1C1:R400C1,RC[-3],'Service Duration by unit'!R1C3:R400C3,">="&IF(RC[-5]=R4C13,RC[-1],R3C13)))),1))*RC[-2]/3600)*(1+RC[-1])} -> 0 | R6: {=(IF(RC[-5]=R4C13,RC[-1]*RC[-4],R3C13*RC[-4])+(INDEX(_xlfn._xlws.FILTER('Service Duration by unit'!R1C4:R400C4,('Service Duration by unit'!R1C1:R400C1=RC[-3])*('Service Duration by unit'!R1C3:R400C3=_xlfn.MINIFS('Service Duration by unit'!R1C3:R400C3,'Service Duration by unit'!R1C1:R400C1,RC[-3],'Service Duration by unit'!R1C3:R400C3,">="&IF(RC[-5]=R4C13,RC[-1],R3C13)))),1))*RC[-2]/3600)*(1+RC[-1])} -> 0 | S6: {=(IF(RC[-5]=R4C13,RC[-1]*RC[-4],R3C13*RC[-4])+(INDEX(_xlfn._xlws.FILTER('Service Duration by unit'!R1C4:R400C4,('Service Duration by unit'!R1C1:R400C1=RC[-3])*('Service Duration by unit'!R1C3:R400C3=_xlfn.MINIFS('Service Duration by unit'!R1C3:R400C3,'Service Duration by unit'!R1C1:R400C1,RC[-3],'Service Duration by unit'!R1C3:R400C3,">="&IF(RC[-5]=R4C13,RC[-1],R3C13)))),1))*RC[-2]/3600)*(1+RC[-1])} -> 0 | T6: {=(IF(RC[-5]=R4C13,RC[-1]*RC[-4],R3C13*RC[-4])+(INDEX(_xlfn._xlws.FILTER('Service Duration by unit'!R1C4:R400C4,('Service Duration by unit'!R1C1:R400C1=RC[-3])*('Service Duration by unit'!R1C3:R400C3=_xlfn.MINIFS('Service Duration by unit'!R1C3:R400C3,'Service Duration by unit'!R1C1:R400C1,RC[-3],'Service Duration by unit'!R1C3:R400C3,">="&IF(RC[-5]=R4C13,RC[-1],R3C13)))),1))*RC[-2]/3600)*(1+RC[-1])} -> 0 | U6: {=(IF(RC[-5]=R4C13,RC[-1]*RC[-4],R3C13*RC[-4])+(INDEX(_xlfn._xlws.FILTER('Service Duration by unit'!R1C4:R400C4,('Service Duration by unit'!R1C1:R400C1=RC[-3])*('Service Duration by unit'!R1C3:R400C3=_xlfn.MINIFS('Service Duration by unit'!R1C3:R400C3,'Service Duration by unit'!R1C1:R400C1,RC[-3],'Service Duration by unit'!R1C3:R400C3,">="&IF(RC[-5]=R4C13,RC[-1],R3C13)))),1))*RC[-2]/3600)*(1+RC[-1])} -> 0 | ... FF6: {=(IF(RC[-5]=R4C13,RC[-1]*RC[-4],R3C13*RC[-4])+(INDEX(_xlfn._xlws.FILTER('Service Duration by unit'!R1C4:R400C4,('Service Duration by unit'!R1C1:R400C1=RC[-3])*('Service Duration by unit'!R1C3:R400C3=_xlfn.MINIFS('Service Duration by unit'!R1C3:R400C3,'Service Duration by unit'!R1C1:R400C1,RC[-3],'Service Duration by unit'!R1C3:R400C3,">="&IF(RC[-5]=R4C13,RC[-1],R3C13)))),1))*RC[-2]/3600)*(1+RC[-1])} -> 0
N7: {=(IF(RC[-5]=R4C13,RC[-1]*RC[-4],R3C13*RC[-4])+(INDEX(_xlfn._xlws.FILTER('Service Duration by unit'!R1C4:R400C4,('Service Duration by unit'!R1C1:R400C1=RC[-3])*('Service Duration by unit'!R1C3:R400C3=_xlfn.MINIFS('Service Duration by unit'!R1C3:R400C3,'Service Duration by unit'!R1C1:R400C1,RC[-3],'Service Duration by unit'!R1C3:R400C3,">="&IF(RC[-5]=R4C13,RC[-1],R3C13)))),1))*RC[-2]/3600)*(1+RC[-1])} -> 0 | O7: {=(IF(RC[-5]=R4C13,RC[-1]*RC[-4],R3C13*RC[-4])+(INDEX(_xlfn._xlws.FILTER('Service Duration by unit'!R1C4:R400C4,('Service Duration by unit'!R1C1:R400C1=RC[-3])*('Service Duration by unit'!R1C3:R400C3=_xlfn.MINIFS('Service Duration by unit'!R1C3:R400C3,'Service Duration by unit'!R1C1:R400C1,RC[-3],'Service Duration by unit'!R1C3:R400C3,">="&IF(RC[-5]=R4C13,RC[-1],R3C13)))),1))*RC[-2]/3600)*(1+RC[-1])} -> 0 | P7: {=(IF(RC[-5]=R4C13,RC[-1]*RC[-4],R3C13*RC[-4])+(INDEX(_xlfn._xlws.FILTER('Service Duration by unit'!R1C4:R400C4,('Service Duration by unit'!R1C1:R400C1=RC[-3])*('Service Duration by unit'!R1C3:R400C3=_xlfn.MINIFS('Service Duration by unit'!R1C3:R400C3,'Service Duration by unit'!R1C1:R400C1,RC[-3],'Service Duration by unit'!R1C3:R400C3,">="&IF(RC[-5]=R4C13,RC[-1],R3C13)))),1))*RC[-2]/3600)*(1+RC[-1])} -> 0 | Q7: {=(IF(RC[-5]=R4C13,RC[-1]*RC[-4],R3C13*RC[-4])+(INDEX(_xlfn._xlws.FILTER('Service Duration by unit'!R1C4:R400C4,('Service Duration by unit'!R1C1:R400C1=RC[-3])*('Service Duration by unit'!R1C3:R400C3=_xlfn.MINIFS('Service Duration by unit'!R1C3:R400C3,'Service Duration by unit'!R1C1:R400C1,RC[-3],'Service Duration by unit'!R1C3:R400C3,">="&IF(RC[-5]=R4C13,RC[-1],R3C13)))),1))*RC[-2]/3600)*(1+RC[-1])} -> 0 | R7: {=(IF(RC[-5]=R4C13,RC[-1]*RC[-4],R3C13*RC[-4])+(INDEX(_xlfn._xlws.FILTER('Service Duration by unit'!R1C4:R400C4,('Service Duration by unit'!R1C1:R400C1=RC[-3])*('Service Duration by unit'!R1C3:R400C3=_xlfn.MINIFS('Service Duration by unit'!R1C3:R400C3,'Service Duration by unit'!R1C1:R400C1,RC[-3],'Service Duration by unit'!R1C3:R400C3,">="&IF(RC[-5]=R4C13,RC[-1],R3C13)))),1))*RC[-2]/3600)*(1+RC[-1])} -> 0 | S7: {=(IF(RC[-5]=R4C13,RC[-1]*RC[-4],R3C13*RC[-4])+(INDEX(_xlfn._xlws.FILTER('Service Duration by unit'!R1C4:R400C4,('Service Duration by unit'!R1C1:R400C1=RC[-3])*('Service Duration by unit'!R1C3:R400C3=_xlfn.MINIFS('Service Duration by unit'!R1C3:R400C3,'Service Duration by unit'!R1C1:R400C1,RC[-3],'Service Duration by unit'!R1C3:R400C3,">="&IF(RC[-5]=R4C13,RC[-1],R3C13)))),1))*RC[-2]/3600)*(1+RC[-1])} -> 0 | T7: {=(IF(RC[-5]=R4C13,RC[-1]*RC[-4],R3C13*RC[-4])+(INDEX(_xlfn._xlws.FILTER('Service Duration by unit'!R1C4:R400C4,('Service Duration by unit'!R1C1:R400C1=RC[-3])*('Service Duration by unit'!R1C3:R400C3=_xlfn.MINIFS('Service Duration by unit'!R1C3:R400C3,'Service Duration by unit'!R1C1:R400C1,RC[-3],'Service Duration by unit'!R1C3:R400C3,">="&IF(RC[-5]=R4C13,RC[-1],R3C13)))),1))*RC[-2]/3600)*(1+RC[-1])} -> 0 | U7: {=(IF(RC[-5]=R4C13,RC[-1]*RC[-4],R3C13*RC[-4])+(INDEX(_xlfn._xlws.FILTER('Service Duration by unit'!R1C4:R400C4,('Service Duration by unit'!R1C1:R400C1=RC[-3])*('Service Duration by unit'!R1C3:R400C3=_xlfn.MINIFS('Service Duration by unit'!R1C3:R400C3,'Service Duration by unit'!R1C1:R400C1,RC[-3],'Service Duration by unit'!R1C3:R400C3,">="&IF(RC[-5]=R4C13,RC[-1],R3C13)))),1))*RC[-2]/3600)*(1+RC[-1])} -> 0 | ... FF7: {=(IF(RC[-5]=R4C13,RC[-1]*RC[-4],R3C13*RC[-4])+(INDEX(_xlfn._xlws.FILTER('Service Duration by unit'!R1C4:R400C4,('Service Duration by unit'!R1C1:R400C1=RC[-3])*('Service Duration by unit'!R1C3:R400C3=_xlfn.MINIFS('Service Duration by unit'!R1C3:R400C3,'Service Duration by unit'!R1C1:R400C1,RC[-3],'Service Duration by unit'!R1C3:R400C3,">="&IF(RC[-5]=R4C13,RC[-1],R3C13)))),1))*RC[-2]/3600)*(1+RC[-1])} -> 0
N8: {=(IF(RC[-5]=R4C13,RC[-1]*RC[-4],R3C13*RC[-4])+(INDEX(_xlfn._xlws.FILTER('Service Duration by unit'!R1C4:R400C4,('Service Duration by unit'!R1C1:R400C1=RC[-3])*('Service Duration by unit'!R1C3:R400C3=_xlfn.MINIFS('Service Duration by unit'!R1C3:R400C3,'Service Duration by unit'!R1C1:R400C1,RC[-3],'Service Duration by unit'!R1C3:R400C3,">="&IF(RC[-5]=R4C13,RC[-1],R3C13)))),1))*RC[-2]/3600)*(1+RC[-1])} -> 0 | O8: {=(IF(RC[-5]=R4C13,RC[-1]*RC[-4],R3C13*RC[-4])+(INDEX(_xlfn._xlws.FILTER('Service Duration by unit'!R1C4:R400C4,('Service Duration by unit'!R1C1:R400C1=RC[-3])*('Service Duration by unit'!R1C3:R400C3=_xlfn.MINIFS('Service Duration by unit'!R1C3:R400C3,'Service Duration by unit'!R1C1:R400C1,RC[-3],'Service Duration by unit'!R1C3:R400C3,">="&IF(RC[-5]=R4C13,RC[-1],R3C13)))),1))*RC[-2]/3600)*(1+RC[-1])} -> 0 | P8: {=(IF(RC[-5]=R4C13,RC[-1]*RC[-4],R3C13*RC[-4])+(INDEX(_xlfn._xlws.FILTER('Service Duration by unit'!R1C4:R400C4,('Service Duration by unit'!R1C1:R400C1=RC[-3])*('Service Duration by unit'!R1C3:R400C3=_xlfn.MINIFS('Service Duration by unit'!R1C3:R400C3,'Service Duration by unit'!R1C1:R400C1,RC[-3],'Service Duration by unit'!R1C3:R400C3,">="&IF(RC[-5]=R4C13,RC[-1],R3C13)))),1))*RC[-2]/3600)*(1+RC[-1])} -> 0 | Q8: {=(IF(RC[-5]=R4C13,RC[-1]*RC[-4],R3C13*RC[-4])+(INDEX(_xlfn._xlws.FILTER('Service Duration by unit'!R1C4:R400C4,('Service Duration by unit'!R1C1:R400C1=RC[-3])*('Service Duration by unit'!R1C3:R400C3=_xlfn.MINIFS('Service Duration by unit'!R1C3:R400C3,'Service Duration by unit'!R1C1:R400C1,RC[-3],'Service Duration by unit'!R1C3:R400C3,">="&IF(RC[-5]=R4C13,RC[-1],R3C13)))),1))*RC[-2]/3600)*(1+RC[-1])} -> 0 | R8: {=(IF(RC[-5]=R4C13,RC[-1]*RC[-4],R3C13*RC[-4])+(INDEX(_xlfn._xlws.FILTER('Service Duration by unit'!R1C4:R400C4,('Service Duration by unit'!R1C1:R400C1=RC[-3])*('Service Duration by unit'!R1C3:R400C3=_xlfn.MINIFS('Service Duration by unit'!R1C3:R400C3,'Service Duration by unit'!R1C1:R400C1,RC[-3],'Service Duration by unit'!R1C3:R400C3,">="&IF(RC[-5]=R4C13,RC[-1],R3C13)))),1))*RC[-2]/3600)*(1+RC[-1])} -> 0 | S8: {=(IF(RC[-5]=R4C13,RC[-1]*RC[-4],R3C13*RC[-4])+(INDEX(_xlfn._xlws.FILTER('Service Duration by unit'!R1C4:R400C4,('Service Duration by unit'!R1C1:R400C1=RC[-3])*('Service Duration by unit'!R1C3:R400C3=_xlfn.MINIFS('Service Duration by unit'!R1C3:R400C3,'Service Duration by unit'!R1C1:R400C1,RC[-3],'Service Duration by unit'!R1C3:R400C3,">="&IF(RC[-5]=R4C13,RC[-1],R3C13)))),1))*RC[-2]/3600)*(1+RC[-1])} -> 0 | T8: {=(IF(RC[-5]=R4C13,RC[-1]*RC[-4],R3C13*RC[-4])+(INDEX(_xlfn._xlws.FILTER('Service Duration by unit'!R1C4:R400C4,('Service Duration by unit'!R1C1:R400C1=RC[-3])*('Service Duration by unit'!R1C3:R400C3=_xlfn.MINIFS('Service Duration by unit'!R1C3:R400C3,'Service Duration by unit'!R1C1:R400C1,RC[-3],'Service Duration by unit'!R1C3:R400C3,">="&IF(RC[-5]=R4C13,RC[-1],R3C13)))),1))*RC[-2]/3600)*(1+RC[-1])} -> 0 | U8: {=(IF(RC[-5]=R4C13,RC[-1]*RC[-4],R3C13*RC[-4])+(INDEX(_xlfn._xlws.FILTER('Service Duration by unit'!R1C4:R400C4,('Service Duration by unit'!R1C1:R400C1=RC[-3])*('Service Duration by unit'!R1C3:R400C3=_xlfn.MINIFS('Service Duration by unit'!R1C3:R400C3,'Service Duration by unit'!R1C1:R400C1,RC[-3],'Service Duration by unit'!R1C3:R400C3,">="&IF(RC[-5]=R4C13,RC[-1],R3C13)))),1))*RC[-2]/3600)*(1+RC[-1])} -> 0 | ... FF8: {=(IF(RC[-5]=R4C13,RC[-1]*RC[-4],R3C13*RC[-4])+(INDEX(_xlfn._xlws.FILTER('Service Duration by unit'!R1C4:R400C4,('Service Duration by unit'!R1C1:R400C1=RC[-3])*('Service Duration by unit'!R1C3:R400C3=_xlfn.MINIFS('Service Duration by unit'!R1C3:R400C3,'Service Duration by unit'!R1C1:R400C1,RC[-3],'Service Duration by unit'!R1C3:R400C3,">="&IF(RC[-5]=R4C13,RC[-1],R3C13)))),1))*RC[-2]/3600)*(1+RC[-1])} -> 0
N9: {=(IF(RC[-5]=R4C13,RC[-1]*RC[-4],R3C13*RC[-4])+(INDEX(_xlfn._xlws.FILTER('Service Duration by unit'!R1C4:R400C4,('Service Duration by unit'!R1C1:R400C1=RC[-3])*('Service Duration by unit'!R1C3:R400C3=_xlfn.MINIFS('Service Duration by unit'!R1C3:R400C3,'Service Duration by unit'!R1C1:R400C1,RC[-3],'Service Duration by unit'!R1C3:R400C3,">="&IF(RC[-5]=R4C13,RC[-1],R3C13)))),1))*RC[-2]/3600)*(1+RC[-1])} -> 0 | O9: {=(IF(RC[-5]=R4C13,RC[-1]*RC[-4],R3C13*RC[-4])+(INDEX(_xlfn._xlws.FILTER('Service Duration by unit'!R1C4:R400C4,('Service Duration by unit'!R1C1:R400C1=RC[-3])*('Service Duration by unit'!R1C3:R400C3=_xlfn.MINIFS('Service Duration by unit'!R1C3:R400C3,'Service Duration by unit'!R1C1:R400C1,RC[-3],'Service Duration by unit'!R1C3:R400C3,">="&IF(RC[-5]=R4C13,RC[-1],R3C13)))),1))*RC[-2]/3600)*(1+RC[-1])} -> 0 | P9: {=(IF(RC[-5]=R4C13,RC[-1]*RC[-4],R3C13*RC[-4])+(INDEX(_xlfn._xlws.FILTER('Service Duration by unit'!R1C4:R400C4,('Service Duration by unit'!R1C1:R400C1=RC[-3])*('Service Duration by unit'!R1C3:R400C3=_xlfn.MINIFS('Service Duration by unit'!R1C3:R400C3,'Service Duration by unit'!R1C1:R400C1,RC[-3],'Service Duration by unit'!R1C3:R400C3,">="&IF(RC[-5]=R4C13,RC[-1],R3C13)))),1))*RC[-2]/3600)*(1+RC[-1])} -> 0 | Q9: {=(IF(RC[-5]=R4C13,RC[-1]*RC[-4],R3C13*RC[-4])+(INDEX(_xlfn._xlws.FILTER('Service Duration by unit'!R1C4:R400C4,('Service Duration by unit'!R1C1:R400C1=RC[-3])*('Service Duration by unit'!R1C3:R400C3=_xlfn.MINIFS('Service Duration by unit'!R1C3:R400C3,'Service Duration by unit'!R1C1:R400C1,RC[-3],'Service Duration by unit'!R1C3:R400C3,">="&IF(RC[-5]=R4C13,RC[-1],R3C13)))),1))*RC[-2]/3600)*(1+RC[-1])} -> 0 | R9: {=(IF(RC[-5]=R4C13,RC[-1]*RC[-4],R3C13*RC[-4])+(INDEX(_xlfn._xlws.FILTER('Service Duration by unit'!R1C4:R400C4,('Service Duration by unit'!R1C1:R400C1=RC[-3])*('Service Duration by unit'!R1C3:R400C3=_xlfn.MINIFS('Service Duration by unit'!R1C3:R400C3,'Service Duration by unit'!R1C1:R400C1,RC[-3],'Service Duration by unit'!R1C3:R400C3,">="&IF(RC[-5]=R4C13,RC[-1],R3C13)))),1))*RC[-2]/3600)*(1+RC[-1])} -> 0 | S9: {=(IF(RC[-5]=R4C13,RC[-1]*RC[-4],R3C13*RC[-4])+(INDEX(_xlfn._xlws.FILTER('Service Duration by unit'!R1C4:R400C4,('Service Duration by unit'!R1C1:R400C1=RC[-3])*('Service Duration by unit'!R1C3:R400C3=_xlfn.MINIFS('Service Duration by unit'!R1C3:R400C3,'Service Duration by unit'!R1C1:R400C1,RC[-3],'Service Duration by unit'!R1C3:R400C3,">="&IF(RC[-5]=R4C13,RC[-1],R3C13)))),1))*RC[-2]/3600)*(1+RC[-1])} -> 0 | T9: {=(IF(RC[-5]=R4C13,RC[-1]*RC[-4],R3C13*RC[-4])+(INDEX(_xlfn._xlws.FILTER('Service Duration by unit'!R1C4:R400C4,('Service Duration by unit'!R1C1:R400C1=RC[-3])*('Service Duration by unit'!R1C3:R400C3=_xlfn.MINIFS('Service Duration by unit'!R1C3:R400C3,'Service Duration by unit'!R1C1:R400C1,RC[-3],'Service Duration by unit'!R1C3:R400C3,">="&IF(RC[-5]=R4C13,RC[-1],R3C13)))),1))*RC[-2]/3600)*(1+RC[-1])} -> 0 | U9: {=(IF(RC[-5]=R4C13,RC[-1]*RC[-4],R3C13*RC[-4])+(INDEX(_xlfn._xlws.FILTER('Service Duration by unit'!R1C4:R400C4,('Service Duration by unit'!R1C1:R400C1=RC[-3])*('Service Duration by unit'!R1C3:R400C3=_xlfn.MINIFS('Service Duration by unit'!R1C3:R400C3,'Service Duration by unit'!R1C1:R400C1,RC[-3],'Service Duration by unit'!R1C3:R400C3,">="&IF(RC[-5]=R4C13,RC[-1],R3C13)))),1))*RC[-2]/3600)*(1+RC[-1])} -> 0 | ... FF9: {=(IF(RC[-5]=R4C13,RC[-1]*RC[-4],R3C13*RC[-4])+(INDEX(_xlfn._xlws.FILTER('Service Duration by unit'!R1C4:R400C4,('Service Duration by unit'!R1C1:R400C1=RC[-3])*('Service Duration by unit'!R1C3:R400C3=_xlfn.MINIFS('Service Duration by unit'!R1C3:R400C3,'Service Duration by unit'!R1C1:R400C1,RC[-3],'Service Duration by unit'!R1C3:R400C3,">="&IF(RC[-5]=R4C13,RC[-1],R3C13)))),1))*RC[-2]/3600)*(1+RC[-1])} -> 0
N10: {=(IF(RC[-5]=R4C13,RC[-1]*RC[-4],R3C13*RC[-4])+(INDEX(_xlfn._xlws.FILTER('Service Duration by unit'!R1C4:R400C4,('Service Duration by unit'!R1C1:R400C1=RC[-3])*('Service Duration by unit'!R1C3:R400C3=_xlfn.MINIFS('Service Duration by unit'!R1C3:R400C3,'Service Duration by unit'!R1C1:R400C1,RC[-3],'Service Duration by unit'!R1C3:R400C3,">="&IF(RC[-5]=R4C13,RC[-1],R3C13)))),1))*RC[-2]/3600)*(1+RC[-1])} -> 0 | O10: {=(IF(RC[-5]=R4C13,RC[-1]*RC[-4],R3C13*RC[-4])+(INDEX(_xlfn._xlws.FILTER('Service Duration by unit'!R1C4:R400C4,('Service Duration by unit'!R1C1:R400C1=RC[-3])*('Service Duration by unit'!R1C3:R400C3=_xlfn.MINIFS('Service Duration by unit'!R1C3:R400C3,'Service Duration by unit'!R1C1:R400C1,RC[-3],'Service Duration by unit'!R1C3:R400C3,">="&IF(RC[-5]=R4C13,RC[-1],R3C13)))),1))*RC[-2]/3600)*(1+RC[-1])} -> 0 | P10: {=(IF(RC[-5]=R4C13,RC[-1]*RC[-4],R3C13*RC[-4])+(INDEX(_xlfn._xlws.FILTER('Service Duration by unit'!R1C4:R400C4,('Service Duration by unit'!R1C1:R400C1=RC[-3])*('Service Duration by unit'!R1C3:R400C3=_xlfn.MINIFS('Service Duration by unit'!R1C3:R400C3,'Service Duration by unit'!R1C1:R400C1,RC[-3],'Service Duration by unit'!R1C3:R400C3,">="&IF(RC[-5]=R4C13,RC[-1],R3C13)))),1))*RC[-2]/3600)*(1+RC[-1])} -> 0 | Q10: {=(IF(RC[-5]=R4C13,RC[-1]*RC[-4],R3C13*RC[-4])+(INDEX(_xlfn._xlws.FILTER('Service Duration by unit'!R1C4:R400C4,('Service Duration by unit'!R1C1:R400C1=RC[-3])*('Service Duration by unit'!R1C3:R400C3=_xlfn.MINIFS('Service Duration by unit'!R1C3:R400C3,'Service Duration by unit'!R1C1:R400C1,RC[-3],'Service Duration by unit'!R1C3:R400C3,">="&IF(RC[-5]=R4C13,RC[-1],R3C13)))),1))*RC[-2]/3600)*(1+RC[-1])} -> 0 | R10: {=(IF(RC[-5]=R4C13,RC[-1]*RC[-4],R3C13*RC[-4])+(INDEX(_xlfn._xlws.FILTER('Service Duration by unit'!R1C4:R400C4,('Service Duration by unit'!R1C1:R400C1=RC[-3])*('Service Duration by unit'!R1C3:R400C3=_xlfn.MINIFS('Service Duration by unit'!R1C3:R400C3,'Service Duration by unit'!R1C1:R400C1,RC[-3],'Service Duration by unit'!R1C3:R400C3,">="&IF(RC[-5]=R4C13,RC[-1],R3C13)))),1))*RC[-2]/3600)*(1+RC[-1])} -> 0 | S10: {=(IF(RC[-5]=R4C13,RC[-1]*RC[-4],R3C13*RC[-4])+(INDEX(_xlfn._xlws.FILTER('Service Duration by unit'!R1C4:R400C4,('Service Duration by unit'!R1C1:R400C1=RC[-3])*('Service Duration by unit'!R1C3:R400C3=_xlfn.MINIFS('Service Duration by unit'!R1C3:R400C3,'Service Duration by unit'!R1C1:R400C1,RC[-3],'Service Duration by unit'!R1C3:R400C3,">="&IF(RC[-5]=R4C13,RC[-1],R3C13)))),1))*RC[-2]/3600)*(1+RC[-1])} -> 0 | T10: {=(IF(RC[-5]=R4C13,RC[-1]*RC[-4],R3C13*RC[-4])+(INDEX(_xlfn._xlws.FILTER('Service Duration by unit'!R1C4:R400C4,('Service Duration by unit'!R1C1:R400C1=RC[-3])*('Service Duration by unit'!R1C3:R400C3=_xlfn.MINIFS('Service Duration by unit'!R1C3:R400C3,'Service Duration by unit'!R1C1:R400C1,RC[-3],'Service Duration by unit'!R1C3:R400C3,">="&IF(RC[-5]=R4C13,RC[-1],R3C13)))),1))*RC[-2]/3600)*(1+RC[-1])} -> 0 | U10: {=(IF(RC[-5]=R4C13,RC[-1]*RC[-4],R3C13*RC[-4])+(INDEX(_xlfn._xlws.FILTER('Service Duration by unit'!R1C4:R400C4,('Service Duration by unit'!R1C1:R400C1=RC[-3])*('Service Duration by unit'!R1C3:R400C3=_xlfn.MINIFS('Service Duration by unit'!R1C3:R400C3,'Service Duration by unit'!R1C1:R400C1,RC[-3],'Service Duration by unit'!R1C3:R400C3,">="&IF(RC[-5]=R4C13,RC[-1],R3C13)))),1))*RC[-2]/3600)*(1+RC[-1])} -> 0 | ... FF10: {=(IF(RC[-5]=R4C13,RC[-1]*RC[-4],R3C13*RC[-4])+(INDEX(_xlfn._xlws.FILTER('Service Duration by unit'!R1C4:R400C4,('Service Duration by unit'!R1C1:R400C1=RC[-3])*('Service Duration by unit'!R1C3:R400C3=_xlfn.MINIFS('Service Duration by unit'!R1C3:R400C3,'Service Duration by unit'!R1C1:R400C1,RC[-3],'Service Duration by unit'!R1C3:R400C3,">="&IF(RC[-5]=R4C13,RC[-1],R3C13)))),1))*RC[-2]/3600)*(1+RC[-1])} -> 0
N11: {=(IF(RC[-5]=R4C13,RC[-1]*RC[-4],R3C13*RC[-4])+(INDEX(_xlfn._xlws.FILTER('Service Duration by unit'!R1C4:R400C4,('Service Duration by unit'!R1C1:R400C1=RC[-3])*('Service Duration by unit'!R1C3:R400C3=_xlfn.MINIFS('Service Duration by unit'!R1C3:R400C3,'Service Duration by unit'!R1C1:R400C1,RC[-3],'Service Duration by unit'!R1C3:R400C3,">="&IF(RC[-5]=R4C13,RC[-1],R3C13)))),1))*RC[-2]/3600)*(1+RC[-1])} -> 0 | O11: {=(IF(RC[-5]=R4C13,RC[-1]*RC[-4],R3C13*RC[-4])+(INDEX(_xlfn._xlws.FILTER('Service Duration by unit'!R1C4:R400C4,('Service Duration by unit'!R1C1:R400C1=RC[-3])*('Service Duration by unit'!R1C3:R400C3=_xlfn.MINIFS('Service Duration by unit'!R1C3:R400C3,'Service Duration by unit'!R1C1:R400C1,RC[-3],'Service Duration by unit'!R1C3:R400C3,">="&IF(RC[-5]=R4C13,RC[-1],R3C13)))),1))*RC[-2]/3600)*(1+RC[-1])} -> 0 | P11: {=(IF(RC[-5]=R4C13,RC[-1]*RC[-4],R3C13*RC[-4])+(INDEX(_xlfn._xlws.FILTER('Service Duration by unit'!R1C4:R400C4,('Service Duration by unit'!R1C1:R400C1=RC[-3])*('Service Duration by unit'!R1C3:R400C3=_xlfn.MINIFS('Service Duration by unit'!R1C3:R400C3,'Service Duration by unit'!R1C1:R400C1,RC[-3],'Service Duration by unit'!R1C3:R400C3,">="&IF(RC[-5]=R4C13,RC[-1],R3C13)))),1))*RC[-2]/3600)*(1+RC[-1])} -> 0 | Q11: {=(IF(RC[-5]=R4C13,RC[-1]*RC[-4],R3C13*RC[-4])+(INDEX(_xlfn._xlws.FILTER('Service Duration by unit'!R1C4:R400C4,('Service Duration by unit'!R1C1:R400C1=RC[-3])*('Service Duration by unit'!R1C3:R400C3=_xlfn.MINIFS('Service Duration by unit'!R1C3:R400C3,'Service Duration by unit'!R1C1:R400C1,RC[-3],'Service Duration by unit'!R1C3:R400C3,">="&IF(RC[-5]=R4C13,RC[-1],R3C13)))),1))*RC[-2]/3600)*(1+RC[-1])} -> 0 | R11: {=(IF(RC[-5]=R4C13,RC[-1]*RC[-4],R3C13*RC[-4])+(INDEX(_xlfn._xlws.FILTER('Service Duration by unit'!R1C4:R400C4,('Service Duration by unit'!R1C1:R400C1=RC[-3])*('Service Duration by unit'!R1C3:R400C3=_xlfn.MINIFS('Service Duration by unit'!R1C3:R400C3,'Service Duration by unit'!R1C1:R400C1,RC[-3],'Service Duration by unit'!R1C3:R400C3,">="&IF(RC[-5]=R4C13,RC[-1],R3C13)))),1))*RC[-2]/3600)*(1+RC[-1])} -> 0 | S11: {=(IF(RC[-5]=R4C13,RC[-1]*RC[-4],R3C13*RC[-4])+(INDEX(_xlfn._xlws.FILTER('Service Duration by unit'!R1C4:R400C4,('Service Duration by unit'!R1C1:R400C1=RC[-3])*('Service Duration by unit'!R1C3:R400C3=_xlfn.MINIFS('Service Duration by unit'!R1C3:R400C3,'Service Duration by unit'!R1C1:R400C1,RC[-3],'Service Duration by unit'!R1C3:R400C3,">="&IF(RC[-5]=R4C13,RC[-1],R3C13)))),1))*RC[-2]/3600)*(1+RC[-1])} -> 0 | T11: {=(IF(RC[-5]=R4C13,RC[-1]*RC[-4],R3C13*RC[-4])+(INDEX(_xlfn._xlws.FILTER('Service Duration by unit'!R1C4:R400C4,('Service Duration by unit'!R1C1:R400C1=RC[-3])*('Service Duration by unit'!R1C3:R400C3=_xlfn.MINIFS('Service Duration by unit'!R1C3:R400C3,'Service Duration by unit'!R1C1:R400C1,RC[-3],'Service Duration by unit'!R1C3:R400C3,">="&IF(RC[-5]=R4C13,RC[-1],R3C13)))),1))*RC[-2]/3600)*(1+RC[-1])} -> 0 | U11: {=(IF(RC[-5]=R4C13,RC[-1]*RC[-4],R3C13*RC[-4])+(INDEX(_xlfn._xlws.FILTER('Service Duration by unit'!R1C4:R400C4,('Service Duration by unit'!R1C1:R400C1=RC[-3])*('Service Duration by unit'!R1C3:R400C3=_xlfn.MINIFS('Service Duration by unit'!R1C3:R400C3,'Service Duration by unit'!R1C1:R400C1,RC[-3],'Service Duration by unit'!R1C3:R400C3,">="&IF(RC[-5]=R4C13,RC[-1],R3C13)))),1))*RC[-2]/3600)*(1+RC[-1])} -> 0 | ... FF11: {=(IF(RC[-5]=R4C13,RC[-1]*RC[-4],R3C13*RC[-4])+(INDEX(_xlfn._xlws.FILTER('Service Duration by unit'!R1C4:R400C4,('Service Duration by unit'!R1C1:R400C1=RC[-3])*('Service Duration by unit'!R1C3:R400C3=_xlfn.MINIFS('Service Duration by unit'!R1C3:R400C3,'Service Duration by unit'!R1C1:R400C1,RC[-3],'Service Duration by unit'!R1C3:R400C3,">="&IF(RC[-5]=R4C13,RC[-1],R3C13)))),1))*RC[-2]/3600)*(1+RC[-1])} -> 0
N12: {=(IF(RC[-5]=R4C13,RC[-1]*RC[-4],R3C13*RC[-4])+(INDEX(_xlfn._xlws.FILTER('Service Duration by unit'!R1C4:R400C4,('Service Duration by unit'!R1C1:R400C1=RC[-3])*('Service Duration by unit'!R1C3:R400C3=_xlfn.MINIFS('Service Duration by unit'!R1C3:R400C3,'Service Duration by unit'!R1C1:R400C1,RC[-3],'Service Duration by unit'!R1C3:R400C3,">="&IF(RC[-5]=R4C13,RC[-1],R3C13)))),1))*RC[-2]/3600)*(1+RC[-1])} -> 0 | O12: {=(IF(RC[-5]=R4C13,RC[-1]*RC[-4],R3C13*RC[-4])+(INDEX(_xlfn._xlws.FILTER('Service Duration by unit'!R1C4:R400C4,('Service Duration by unit'!R1C1:R400C1=RC[-3])*('Service Duration by unit'!R1C3:R400C3=_xlfn.MINIFS('Service Duration by unit'!R1C3:R400C3,'Service Duration by unit'!R1C1:R400C1,RC[-3],'Service Duration by unit'!R1C3:R400C3,">="&IF(RC[-5]=R4C13,RC[-1],R3C13)))),1))*RC[-2]/3600)*(1+RC[-1])} -> 0 | P12: {=(IF(RC[-5]=R4C13,RC[-1]*RC[-4],R3C13*RC[-4])+(INDEX(_xlfn._xlws.FILTER('Service Duration by unit'!R1C4:R400C4,('Service Duration by unit'!R1C1:R400C1=RC[-3])*('Service Duration by unit'!R1C3:R400C3=_xlfn.MINIFS('Service Duration by unit'!R1C3:R400C3,'Service Duration by unit'!R1C1:R400C1,RC[-3],'Service Duration by unit'!R1C3:R400C3,">="&IF(RC[-5]=R4C13,RC[-1],R3C13)))),1))*RC[-2]/3600)*(1+RC[-1])} -> 0 | Q12: {=(IF(RC[-5]=R4C13,RC[-1]*RC[-4],R3C13*RC[-4])+(INDEX(_xlfn._xlws.FILTER('Service Duration by unit'!R1C4:R400C4,('Service Duration by unit'!R1C1:R400C1=RC[-3])*('Service Duration by unit'!R1C3:R400C3=_xlfn.MINIFS('Service Duration by unit'!R1C3:R400C3,'Service Duration by unit'!R1C1:R400C1,RC[-3],'Service Duration by unit'!R1C3:R400C3,">="&IF(RC[-5]=R4C13,RC[-1],R3C13)))),1))*RC[-2]/3600)*(1+RC[-1])} -> 0 | R12: {=(IF(RC[-5]=R4C13,RC[-1]*RC[-4],R3C13*RC[-4])+(INDEX(_xlfn._xlws.FILTER('Service Duration by unit'!R1C4:R400C4,('Service Duration by unit'!R1C1:R400C1=RC[-3])*('Service Duration by unit'!R1C3:R400C3=_xlfn.MINIFS('Service Duration by unit'!R1C3:R400C3,'Service Duration by unit'!R1C1:R400C1,RC[-3],'Service Duration by unit'!R1C3:R400C3,">="&IF(RC[-5]=R4C13,RC[-1],R3C13)))),1))*RC[-2]/3600)*(1+RC[-1])} -> 0 | S12: {=(IF(RC[-5]=R4C13,RC[-1]*RC[-4],R3C13*RC[-4])+(INDEX(_xlfn._xlws.FILTER('Service Duration by unit'!R1C4:R400C4,('Service Duration by unit'!R1C1:R400C1=RC[-3])*('Service Duration by unit'!R1C3:R400C3=_xlfn.MINIFS('Service Duration by unit'!R1C3:R400C3,'Service Duration by unit'!R1C1:R400C1,RC[-3],'Service Duration by unit'!R1C3:R400C3,">="&IF(RC[-5]=R4C13,RC[-1],R3C13)))),1))*RC[-2]/3600)*(1+RC[-1])} -> 0 | T12: {=(IF(RC[-5]=R4C13,RC[-1]*RC[-4],R3C13*RC[-4])+(INDEX(_xlfn._xlws.FILTER('Service Duration by unit'!R1C4:R400C4,('Service Duration by unit'!R1C1:R400C1=RC[-3])*('Service Duration by unit'!R1C3:R400C3=_xlfn.MINIFS('Service Duration by unit'!R1C3:R400C3,'Service Duration by unit'!R1C1:R400C1,RC[-3],'Service Duration by unit'!R1C3:R400C3,">="&IF(RC[-5]=R4C13,RC[-1],R3C13)))),1))*RC[-2]/3600)*(1+RC[-1])} -> 0 | U12: {=(IF(RC[-5]=R4C13,RC[-1]*RC[-4],R3C13*RC[-4])+(INDEX(_xlfn._xlws.FILTER('Service Duration by unit'!R1C4:R400C4,('Service Duration by unit'!R1C1:R400C1=RC[-3])*('Service Duration by unit'!R1C3:R400C3=_xlfn.MINIFS('Service Duration by unit'!R1C3:R400C3,'Service Duration by unit'!R1C1:R400C1,RC[-3],'Service Duration by unit'!R1C3:R400C3,">="&IF(RC[-5]=R4C13,RC[-1],R3C13)))),1))*RC[-2]/3600)*(1+RC[-1])} -> 0 | ... FF12: {=(IF(RC[-5]=R4C13,RC[-1]*RC[-4],R3C13*RC[-4])+(INDEX(_xlfn._xlws.FILTER('Service Duration by unit'!R1C4:R400C4,('Service Duration by unit'!R1C1:R400C1=RC[-3])*('Service Duration by unit'!R1C3:R400C3=_xlfn.MINIFS('Service Duration by unit'!R1C3:R400C3,'Service Duration by unit'!R1C1:R400C1,RC[-3],'Service Duration by unit'!R1C3:R400C3,">="&IF(RC[-5]=R4C13,RC[-1],R3C13)))),1))*RC[-2]/3600)*(1+RC[-1])} -> 0
N13: {=(IF(RC[-5]=R4C13,RC[-1]*RC[-4],R3C13*RC[-4])+(INDEX(_xlfn._xlws.FILTER('Service Duration by unit'!R1C4:R400C4,('Service Duration by unit'!R1C1:R400C1=RC[-3])*('Service Duration by unit'!R1C3:R400C3=_xlfn.MINIFS('Service Duration by unit'!R1C3:R400C3,'Service Duration by unit'!R1C1:R400C1,RC[-3],'Service Duration by unit'!R1C3:R400C3,">="&IF(RC[-5]=R4C13,RC[-1],R3C13)))),1))*RC[-2]/3600)*(1+RC[-1])} -> 0 | O13: {=(IF(RC[-5]=R4C13,RC[-1]*RC[-4],R3C13*RC[-4])+(INDEX(_xlfn._xlws.FILTER('Service Duration by unit'!R1C4:R400C4,('Service Duration by unit'!R1C1:R400C1=RC[-3])*('Service Duration by unit'!R1C3:R400C3=_xlfn.MINIFS('Service Duration by unit'!R1C3:R400C3,'Service Duration by unit'!R1C1:R400C1,RC[-3],'Service Duration by unit'!R1C3:R400C3,">="&IF(RC[-5]=R4C13,RC[-1],R3C13)))),1))*RC[-2]/3600)*(1+RC[-1])} -> 0 | P13: {=(IF(RC[-5]=R4C13,RC[-1]*RC[-4],R3C13*RC[-4])+(INDEX(_xlfn._xlws.FILTER('Service Duration by unit'!R1C4:R400C4,('Service Duration by unit'!R1C1:R400C1=RC[-3])*('Service Duration by unit'!R1C3:R400C3=_xlfn.MINIFS('Service Duration by unit'!R1C3:R400C3,'Service Duration by unit'!R1C1:R400C1,RC[-3],'Service Duration by unit'!R1C3:R400C3,">="&IF(RC[-5]=R4C13,RC[-1],R3C13)))),1))*RC[-2]/3600)*(1+RC[-1])} -> 0 | Q13: {=(IF(RC[-5]=R4C13,RC[-1]*RC[-4],R3C13*RC[-4])+(INDEX(_xlfn._xlws.FILTER('Service Duration by unit'!R1C4:R400C4,('Service Duration by unit'!R1C1:R400C1=RC[-3])*('Service Duration by unit'!R1C3:R400C3=_xlfn.MINIFS('Service Duration by unit'!R1C3:R400C3,'Service Duration by unit'!R1C1:R400C1,RC[-3],'Service Duration by unit'!R1C3:R400C3,">="&IF(RC[-5]=R4C13,RC[-1],R3C13)))),1))*RC[-2]/3600)*(1+RC[-1])} -> 0 | R13: {=(IF(RC[-5]=R4C13,RC[-1]*RC[-4],R3C13*RC[-4])+(INDEX(_xlfn._xlws.FILTER('Service Duration by unit'!R1C4:R400C4,('Service Duration by unit'!R1C1:R400C1=RC[-3])*('Service Duration by unit'!R1C3:R400C3=_xlfn.MINIFS('Service Duration by unit'!R1C3:R400C3,'Service Duration by unit'!R1C1:R400C1,RC[-3],'Service Duration by unit'!R1C3:R400C3,">="&IF(RC[-5]=R4C13,RC[-1],R3C13)))),1))*RC[-2]/3600)*(1+RC[-1])} -> 0 | S13: {=(IF(RC[-5]=R4C13,RC[-1]*RC[-4],R3C13*RC[-4])+(INDEX(_xlfn._xlws.FILTER('Service Duration by unit'!R1C4:R400C4,('Service Duration by unit'!R1C1:R400C1=RC[-3])*('Service Duration by unit'!R1C3:R400C3=_xlfn.MINIFS('Service Duration by unit'!R1C3:R400C3,'Service Duration by unit'!R1C1:R400C1,RC[-3],'Service Duration by unit'!R1C3:R400C3,">="&IF(RC[-5]=R4C13,RC[-1],R3C13)))),1))*RC[-2]/3600)*(1+RC[-1])} -> 0 | T13: {=(IF(RC[-5]=R4C13,RC[-1]*RC[-4],R3C13*RC[-4])+(INDEX(_xlfn._xlws.FILTER('Service Duration by unit'!R1C4:R400C4,('Service Duration by unit'!R1C1:R400C1=RC[-3])*('Service Duration by unit'!R1C3:R400C3=_xlfn.MINIFS('Service Duration by unit'!R1C3:R400C3,'Service Duration by unit'!R1C1:R400C1,RC[-3],'Service Duration by unit'!R1C3:R400C3,">="&IF(RC[-5]=R4C13,RC[-1],R3C13)))),1))*RC[-2]/3600)*(1+RC[-1])} -> 0 | U13: {=(IF(RC[-5]=R4C13,RC[-1]*RC[-4],R3C13*RC[-4])+(INDEX(_xlfn._xlws.FILTER('Service Duration by unit'!R1C4:R400C4,('Service Duration by unit'!R1C1:R400C1=RC[-3])*('Service Duration by unit'!R1C3:R400C3=_xlfn.MINIFS('Service Duration by unit'!R1C3:R400C3,'Service Duration by unit'!R1C1:R400C1,RC[-3],'Service Duration by unit'!R1C3:R400C3,">="&IF(RC[-5]=R4C13,RC[-1],R3C13)))),1))*RC[-2]/3600)*(1+RC[-1])} -> 0 | ... FF13: {=(IF(RC[-5]=R4C13,RC[-1]*RC[-4],R3C13*RC[-4])+(INDEX(_xlfn._xlws.FILTER('Service Duration by unit'!R1C4:R400C4,('Service Duration by unit'!R1C1:R400C1=RC[-3])*('Service Duration by unit'!R1C3:R400C3=_xlfn.MINIFS('Service Duration by unit'!R1C3:R400C3,'Service Duration by unit'!R1C1:R400C1,RC[-3],'Service Duration by unit'!R1C3:R400C3,">="&IF(RC[-5]=R4C13,RC[-1],R3C13)))),1))*RC[-2]/3600)*(1+RC[-1])} -> 0
N14: {=(IF(RC[-5]=R4C13,RC[-1]*RC[-4],R3C13*RC[-4])+(INDEX(_xlfn._xlws.FILTER('Service Duration by unit'!R1C4:R400C4,('Service Duration by unit'!R1C1:R400C1=RC[-3])*('Service Duration by unit'!R1C3:R400C3=_xlfn.MINIFS('Service Duration by unit'!R1C3:R400C3,'Service Duration by unit'!R1C1:R400C1,RC[-3],'Service Duration by unit'!R1C3:R400C3,">="&IF(RC[-5]=R4C13,RC[-1],R3C13)))),1))*RC[-2]/3600)*(1+RC[-1])} -> 0 | O14: {=(IF(RC[-5]=R4C13,RC[-1]*RC[-4],R3C13*RC[-4])+(INDEX(_xlfn._xlws.FILTER('Service Duration by unit'!R1C4:R400C4,('Service Duration by unit'!R1C1:R400C1=RC[-3])*('Service Duration by unit'!R1C3:R400C3=_xlfn.MINIFS('Service Duration by unit'!R1C3:R400C3,'Service Duration by unit'!R1C1:R400C1,RC[-3],'Service Duration by unit'!R1C3:R400C3,">="&IF(RC[-5]=R4C13,RC[-1],R3C13)))),1))*RC[-2]/3600)*(1+RC[-1])} -> 0 | P14: {=(IF(RC[-5]=R4C13,RC[-1]*RC[-4],R3C13*RC[-4])+(INDEX(_xlfn._xlws.FILTER('Service Duration by unit'!R1C4:R400C4,('Service Duration by unit'!R1C1:R400C1=RC[-3])*('Service Duration by unit'!R1C3:R400C3=_xlfn.MINIFS('Service Duration by unit'!R1C3:R400C3,'Service Duration by unit'!R1C1:R400C1,RC[-3],'Service Duration by unit'!R1C3:R400C3,">="&IF(RC[-5]=R4C13,RC[-1],R3C13)))),1))*RC[-2]/3600)*(1+RC[-1])} -> 0 | Q14: {=(IF(RC[-5]=R4C13,RC[-1]*RC[-4],R3C13*RC[-4])+(INDEX(_xlfn._xlws.FILTER('Service Duration by unit'!R1C4:R400C4,('Service Duration by unit'!R1C1:R400C1=RC[-3])*('Service Duration by unit'!R1C3:R400C3=_xlfn.MINIFS('Service Duration by unit'!R1C3:R400C3,'Service Duration by unit'!R1C1:R400C1,RC[-3],'Service Duration by unit'!R1C3:R400C3,">="&IF(RC[-5]=R4C13,RC[-1],R3C13)))),1))*RC[-2]/3600)*(1+RC[-1])} -> 0 | R14: {=(IF(RC[-5]=R4C13,RC[-1]*RC[-4],R3C13*RC[-4])+(INDEX(_xlfn._xlws.FILTER('Service Duration by unit'!R1C4:R400C4,('Service Duration by unit'!R1C1:R400C1=RC[-3])*('Service Duration by unit'!R1C3:R400C3=_xlfn.MINIFS('Service Duration by unit'!R1C3:R400C3,'Service Duration by unit'!R1C1:R400C1,RC[-3],'Service Duration by unit'!R1C3:R400C3,">="&IF(RC[-5]=R4C13,RC[-1],R3C13)))),1))*RC[-2]/3600)*(1+RC[-1])} -> 0 | S14: {=(IF(RC[-5]=R4C13,RC[-1]*RC[-4],R3C13*RC[-4])+(INDEX(_xlfn._xlws.FILTER('Service Duration by unit'!R1C4:R400C4,('Service Duration by unit'!R1C1:R400C1=RC[-3])*('Service Duration by unit'!R1C3:R400C3=_xlfn.MINIFS('Service Duration by unit'!R1C3:R400C3,'Service Duration by unit'!R1C1:R400C1,RC[-3],'Service Duration by unit'!R1C3:R400C3,">="&IF(RC[-5]=R4C13,RC[-1],R3C13)))),1))*RC[-2]/3600)*(1+RC[-1])} -> 0 | T14: {=(IF(RC[-5]=R4C13,RC[-1]*RC[-4],R3C13*RC[-4])+(INDEX(_xlfn._xlws.FILTER('Service Duration by unit'!R1C4:R400C4,('Service Duration by unit'!R1C1:R400C1=RC[-3])*('Service Duration by unit'!R1C3:R400C3=_xlfn.MINIFS('Service Duration by unit'!R1C3:R400C3,'Service Duration by unit'!R1C1:R400C1,RC[-3],'Service Duration by unit'!R1C3:R400C3,">="&IF(RC[-5]=R4C13,RC[-1],R3C13)))),1))*RC[-2]/3600)*(1+RC[-1])} -> 0 | U14: {=(IF(RC[-5]=R4C13,RC[-1]*RC[-4],R3C13*RC[-4])+(INDEX(_xlfn._xlws.FILTER('Service Duration by unit'!R1C4:R400C4,('Service Duration by unit'!R1C1:R400C1=RC[-3])*('Service Duration by unit'!R1C3:R400C3=_xlfn.MINIFS('Service Duration by unit'!R1C3:R400C3,'Service Duration by unit'!R1C1:R400C1,RC[-3],'Service Duration by unit'!R1C3:R400C3,">="&IF(RC[-5]=R4C13,RC[-1],R3C13)))),1))*RC[-2]/3600)*(1+RC[-1])} -> 0 | ... FF14: {=(IF(RC[-5]=R4C13,RC[-1]*RC[-4],R3C13*RC[-4])+(INDEX(_xlfn._xlws.FILTER('Service Duration by unit'!R1C4:R400C4,('Service Duration by unit'!R1C1:R400C1=RC[-3])*('Service Duration by unit'!R1C3:R400C3=_xlfn.MINIFS('Service Duration by unit'!R1C3:R400C3,'Service Duration by unit'!R1C1:R400C1,RC[-3],'Service Duration by unit'!R1C3:R400C3,">="&IF(RC[-5]=R4C13,RC[-1],R3C13)))),1))*RC[-2]/3600)*(1+RC[-1])} -> 0
N15: {=(IF(RC[-5]=R4C13,RC[-1]*RC[-4],R3C13*RC[-4])+(INDEX(_xlfn._xlws.FILTER('Service Duration by unit'!R1C4:R400C4,('Service Duration by unit'!R1C1:R400C1=RC[-3])*('Service Duration by unit'!R1C3:R400C3=_xlfn.MINIFS('Service Duration by unit'!R1C3:R400C3,'Service Duration by unit'!R1C1:R400C1,RC[-3],'Service Duration by unit'!R1C3:R400C3,">="&IF(RC[-5]=R4C13,RC[-1],R3C13)))),1))*RC[-2]/3600)*(1+RC[-1])} -> 0 | O15: {=(IF(RC[-5]=R4C13,RC[-1]*RC[-4],R3C13*RC[-4])+(INDEX(_xlfn._xlws.FILTER('Service Duration by unit'!R1C4:R400C4,('Service Duration by unit'!R1C1:R400C1=RC[-3])*('Service Duration by unit'!R1C3:R400C3=_xlfn.MINIFS('Service Duration by unit'!R1C3:R400C3,'Service Duration by unit'!R1C1:R400C1,RC[-3],'Service Duration by unit'!R1C3:R400C3,">="&IF(RC[-5]=R4C13,RC[-1],R3C13)))),1))*RC[-2]/3600)*(1+RC[-1])} -> 0 | P15: {=(IF(RC[-5]=R4C13,RC[-1]*RC[-4],R3C13*RC[-4])+(INDEX(_xlfn._xlws.FILTER('Service Duration by unit'!R1C4:R400C4,('Service Duration by unit'!R1C1:R400C1=RC[-3])*('Service Duration by unit'!R1C3:R400C3=_xlfn.MINIFS('Service Duration by unit'!R1C3:R400C3,'Service Duration by unit'!R1C1:R400C1,RC[-3],'Service Duration by unit'!R1C3:R400C3,">="&IF(RC[-5]=R4C13,RC[-1],R3C13)))),1))*RC[-2]/3600)*(1+RC[-1])} -> 0 | Q15: {=(IF(RC[-5]=R4C13,RC[-1]*RC[-4],R3C13*RC[-4])+(INDEX(_xlfn._xlws.FILTER('Service Duration by unit'!R1C4:R400C4,('Service Duration by unit'!R1C1:R400C1=RC[-3])*('Service Duration by unit'!R1C3:R400C3=_xlfn.MINIFS('Service Duration by unit'!R1C3:R400C3,'Service Duration by unit'!R1C1:R400C1,RC[-3],'Service Duration by unit'!R1C3:R400C3,">="&IF(RC[-5]=R4C13,RC[-1],R3C13)))),1))*RC[-2]/3600)*(1+RC[-1])} -> 0 | R15: {=(IF(RC[-5]=R4C13,RC[-1]*RC[-4],R3C13*RC[-4])+(INDEX(_xlfn._xlws.FILTER('Service Duration by unit'!R1C4:R400C4,('Service Duration by unit'!R1C1:R400C1=RC[-3])*('Service Duration by unit'!R1C3:R400C3=_xlfn.MINIFS('Service Duration by unit'!R1C3:R400C3,'Service Duration by unit'!R1C1:R400C1,RC[-3],'Service Duration by unit'!R1C3:R400C3,">="&IF(RC[-5]=R4C13,RC[-1],R3C13)))),1))*RC[-2]/3600)*(1+RC[-1])} -> 0 | S15: {=(IF(RC[-5]=R4C13,RC[-1]*RC[-4],R3C13*RC[-4])+(INDEX(_xlfn._xlws.FILTER('Service Duration by unit'!R1C4:R400C4,('Service Duration by unit'!R1C1:R400C1=RC[-3])*('Service Duration by unit'!R1C3:R400C3=_xlfn.MINIFS('Service Duration by unit'!R1C3:R400C3,'Service Duration by unit'!R1C1:R400C1,RC[-3],'Service Duration by unit'!R1C3:R400C3,">="&IF(RC[-5]=R4C13,RC[-1],R3C13)))),1))*RC[-2]/3600)*(1+RC[-1])} -> 0 | T15: {=(IF(RC[-5]=R4C13,RC[-1]*RC[-4],R3C13*RC[-4])+(INDEX(_xlfn._xlws.FILTER('Service Duration by unit'!R1C4:R400C4,('Service Duration by unit'!R1C1:R400C1=RC[-3])*('Service Duration by unit'!R1C3:R400C3=_xlfn.MINIFS('Service Duration by unit'!R1C3:R400C3,'Service Duration by unit'!R1C1:R400C1,RC[-3],'Service Duration by unit'!R1C3:R400C3,">="&IF(RC[-5]=R4C13,RC[-1],R3C13)))),1))*RC[-2]/3600)*(1+RC[-1])} -> 0 | U15: {=(IF(RC[-5]=R4C13,RC[-1]*RC[-4],R3C13*RC[-4])+(INDEX(_xlfn._xlws.FILTER('Service Duration by unit'!R1C4:R400C4,('Service Duration by unit'!R1C1:R400C1=RC[-3])*('Service Duration by unit'!R1C3:R400C3=_xlfn.MINIFS('Service Duration by unit'!R1C3:R400C3,'Service Duration by unit'!R1C1:R400C1,RC[-3],'Service Duration by unit'!R1C3:R400C3,">="&IF(RC[-5]=R4C13,RC[-1],R3C13)))),1))*RC[-2]/3600)*(1+RC[-1])} -> 0 | ... FF15: {=(IF(RC[-5]=R4C13,RC[-1]*RC[-4],R3C13*RC[-4])+(INDEX(_xlfn._xlws.FILTER('Service Duration by unit'!R1C4:R400C4,('Service Duration by unit'!R1C1:R400C1=RC[-3])*('Service Duration by unit'!R1C3:R400C3=_xlfn.MINIFS('Service Duration by unit'!R1C3:R400C3,'Service Duration by unit'!R1C1:R400C1,RC[-3],'Service Duration by unit'!R1C3:R400C3,">="&IF(RC[-5]=R4C13,RC[-1],R3C13)))),1))*RC[-2]/3600)*(1+RC[-1])} -> 0
N16: {=(IF(RC[-5]=R4C13,RC[-1]*RC[-4],R3C13*RC[-4])+(INDEX(_xlfn._xlws.FILTER('Service Duration by unit'!R1C4:R400C4,('Service Duration by unit'!R1C1:R400C1=RC[-3])*('Service Duration by unit'!R1C3:R400C3=_xlfn.MINIFS('Service Duration by unit'!R1C3:R400C3,'Service Duration by unit'!R1C1:R400C1,RC[-3],'Service Duration by unit'!R1C3:R400C3,">="&IF(RC[-5]=R4C13,RC[-1],R3C13)))),1))*RC[-2]/3600)*(1+RC[-1])} -> 0 | O16: {=(IF(RC[-5]=R4C13,RC[-1]*RC[-4],R3C13*RC[-4])+(INDEX(_xlfn._xlws.FILTER('Service Duration by unit'!R1C4:R400C4,('Service Duration by unit'!R1C1:R400C1=RC[-3])*('Service Duration by unit'!R1C3:R400C3=_xlfn.MINIFS('Service Duration by unit'!R1C3:R400C3,'Service Duration by unit'!R1C1:R400C1,RC[-3],'Service Duration by unit'!R1C3:R400C3,">="&IF(RC[-5]=R4C13,RC[-1],R3C13)))),1))*RC[-2]/3600)*(1+RC[-1])} -> 0 | P16: {=(IF(RC[-5]=R4C13,RC[-1]*RC[-4],R3C13*RC[-4])+(INDEX(_xlfn._xlws.FILTER('Service Duration by unit'!R1C4:R400C4,('Service Duration by unit'!R1C1:R400C1=RC[-3])*('Service Duration by unit'!R1C3:R400C3=_xlfn.MINIFS('Service Duration by unit'!R1C3:R400C3,'Service Duration by unit'!R1C1:R400C1,RC[-3],'Service Duration by unit'!R1C3:R400C3,">="&IF(RC[-5]=R4C13,RC[-1],R3C13)))),1))*RC[-2]/3600)*(1+RC[-1])} -> 0 | Q16: {=(IF(RC[-5]=R4C13,RC[-1]*RC[-4],R3C13*RC[-4])+(INDEX(_xlfn._xlws.FILTER('Service Duration by unit'!R1C4:R400C4,('Service Duration by unit'!R1C1:R400C1=RC[-3])*('Service Duration by unit'!R1C3:R400C3=_xlfn.MINIFS('Service Duration by unit'!R1C3:R400C3,'Service Duration by unit'!R1C1:R400C1,RC[-3],'Service Duration by unit'!R1C3:R400C3,">="&IF(RC[-5]=R4C13,RC[-1],R3C13)))),1))*RC[-2]/3600)*(1+RC[-1])} -> 0 | R16: {=(IF(RC[-5]=R4C13,RC[-1]*RC[-4],R3C13*RC[-4])+(INDEX(_xlfn._xlws.FILTER('Service Duration by unit'!R1C4:R400C4,('Service Duration by unit'!R1C1:R400C1=RC[-3])*('Service Duration by unit'!R1C3:R400C3=_xlfn.MINIFS('Service Duration by unit'!R1C3:R400C3,'Service Duration by unit'!R1C1:R400C1,RC[-3],'Service Duration by unit'!R1C3:R400C3,">="&IF(RC[-5]=R4C13,RC[-1],R3C13)))),1))*RC[-2]/3600)*(1+RC[-1])} -> 0 | S16: {=(IF(RC[-5]=R4C13,RC[-1]*RC[-4],R3C13*RC[-4])+(INDEX(_xlfn._xlws.FILTER('Service Duration by unit'!R1C4:R400C4,('Service Duration by unit'!R1C1:R400C1=RC[-3])*('Service Duration by unit'!R1C3:R400C3=_xlfn.MINIFS('Service Duration by unit'!R1C3:R400C3,'Service Duration by unit'!R1C1:R400C1,RC[-3],'Service Duration by unit'!R1C3:R400C3,">="&IF(RC[-5]=R4C13,RC[-1],R3C13)))),1))*RC[-2]/3600)*(1+RC[-1])} -> 0 | T16: {=(IF(RC[-5]=R4C13,RC[-1]*RC[-4],R3C13*RC[-4])+(INDEX(_xlfn._xlws.FILTER('Service Duration by unit'!R1C4:R400C4,('Service Duration by unit'!R1C1:R400C1=RC[-3])*('Service Duration by unit'!R1C3:R400C3=_xlfn.MINIFS('Service Duration by unit'!R1C3:R400C3,'Service Duration by unit'!R1C1:R400C1,RC[-3],'Service Duration by unit'!R1C3:R400C3,">="&IF(RC[-5]=R4C13,RC[-1],R3C13)))),1))*RC[-2]/3600)*(1+RC[-1])} -> 0 | U16: {=(IF(RC[-5]=R4C13,RC[-1]*RC[-4],R3C13*RC[-4])+(INDEX(_xlfn._xlws.FILTER('Service Duration by unit'!R1C4:R400C4,('Service Duration by unit'!R1C1:R400C1=RC[-3])*('Service Duration by unit'!R1C3:R400C3=_xlfn.MINIFS('Service Duration by unit'!R1C3:R400C3,'Service Duration by unit'!R1C1:R400C1,RC[-3],'Service Duration by unit'!R1C3:R400C3,">="&IF(RC[-5]=R4C13,RC[-1],R3C13)))),1))*RC[-2]/3600)*(1+RC[-1])} -> 0 | ... FF16: {=(IF(RC[-5]=R4C13,RC[-1]*RC[-4],R3C13*RC[-4])+(INDEX(_xlfn._xlws.FILTER('Service Duration by unit'!R1C4:R400C4,('Service Duration by unit'!R1C1:R400C1=RC[-3])*('Service Duration by unit'!R1C3:R400C3=_xlfn.MINIFS('Service Duration by unit'!R1C3:R400C3,'Service Duration by unit'!R1C1:R400C1,RC[-3],'Service Duration by unit'!R1C3:R400C3,">="&IF(RC[-5]=R4C13,RC[-1],R3C13)))),1))*RC[-2]/3600)*(1+RC[-1])} -> 0
N17: {=(IF(RC[-5]=R4C13,RC[-1]*RC[-4],R3C13*RC[-4])+(INDEX(_xlfn._xlws.FILTER('Service Duration by unit'!R1C4:R400C4,('Service Duration by unit'!R1C1:R400C1=RC[-3])*('Service Duration by unit'!R1C3:R400C3=_xlfn.MINIFS('Service Duration by unit'!R1C3:R400C3,'Service Duration by unit'!R1C1:R400C1,RC[-3],'Service Duration by unit'!R1C3:R400C3,">="&IF(RC[-5]=R4C13,RC[-1],R3C13)))),1))*RC[-2]/3600)*(1+RC[-1])} -> 0 | O17: {=(IF(RC[-5]=R4C13,RC[-1]*RC[-4],R3C13*RC[-4])+(INDEX(_xlfn._xlws.FILTER('Service Duration by unit'!R1C4:R400C4,('Service Duration by unit'!R1C1:R400C1=RC[-3])*('Service Duration by unit'!R1C3:R400C3=_xlfn.MINIFS('Service Duration by unit'!R1C3:R400C3,'Service Duration by unit'!R1C1:R400C1,RC[-3],'Service Duration by unit'!R1C3:R400C3,">="&IF(RC[-5]=R4C13,RC[-1],R3C13)))),1))*RC[-2]/3600)*(1+RC[-1])} -> 0 | P17: {=(IF(RC[-5]=R4C13,RC[-1]*RC[-4],R3C13*RC[-4])+(INDEX(_xlfn._xlws.FILTER('Service Duration by unit'!R1C4:R400C4,('Service Duration by unit'!R1C1:R400C1=RC[-3])*('Service Duration by unit'!R1C3:R400C3=_xlfn.MINIFS('Service Duration by unit'!R1C3:R400C3,'Service Duration by unit'!R1C1:R400C1,RC[-3],'Service Duration by unit'!R1C3:R400C3,">="&IF(RC[-5]=R4C13,RC[-1],R3C13)))),1))*RC[-2]/3600)*(1+RC[-1])} -> 0 | Q17: {=(IF(RC[-5]=R4C13,RC[-1]*RC[-4],R3C13*RC[-4])+(INDEX(_xlfn._xlws.FILTER('Service Duration by unit'!R1C4:R400C4,('Service Duration by unit'!R1C1:R400C1=RC[-3])*('Service Duration by unit'!R1C3:R400C3=_xlfn.MINIFS('Service Duration by unit'!R1C3:R400C3,'Service Duration by unit'!R1C1:R400C1,RC[-3],'Service Duration by unit'!R1C3:R400C3,">="&IF(RC[-5]=R4C13,RC[-1],R3C13)))),1))*RC[-2]/3600)*(1+RC[-1])} -> 0 | R17: {=(IF(RC[-5]=R4C13,RC[-1]*RC[-4],R3C13*RC[-4])+(INDEX(_xlfn._xlws.FILTER('Service Duration by unit'!R1C4:R400C4,('Service Duration by unit'!R1C1:R400C1=RC[-3])*('Service Duration by unit'!R1C3:R400C3=_xlfn.MINIFS('Service Duration by unit'!R1C3:R400C3,'Service Duration by unit'!R1C1:R400C1,RC[-3],'Service Duration by unit'!R1C3:R400C3,">="&IF(RC[-5]=R4C13,RC[-1],R3C13)))),1))*RC[-2]/3600)*(1+RC[-1])} -> 0 | S17: {=(IF(RC[-5]=R4C13,RC[-1]*RC[-4],R3C13*RC[-4])+(INDEX(_xlfn._xlws.FILTER('Service Duration by unit'!R1C4:R400C4,('Service Duration by unit'!R1C1:R400C1=RC[-3])*('Service Duration by unit'!R1C3:R400C3=_xlfn.MINIFS('Service Duration by unit'!R1C3:R400C3,'Service Duration by unit'!R1C1:R400C1,RC[-3],'Service Duration by unit'!R1C3:R400C3,">="&IF(RC[-5]=R4C13,RC[-1],R3C13)))),1))*RC[-2]/3600)*(1+RC[-1])} -> 0 | T17: {=(IF(RC[-5]=R4C13,RC[-1]*RC[-4],R3C13*RC[-4])+(INDEX(_xlfn._xlws.FILTER('Service Duration by unit'!R1C4:R400C4,('Service Duration by unit'!R1C1:R400C1=RC[-3])*('Service Duration by unit'!R1C3:R400C3=_xlfn.MINIFS('Service Duration by unit'!R1C3:R400C3,'Service Duration by unit'!R1C1:R400C1,RC[-3],'Service Duration by unit'!R1C3:R400C3,">="&IF(RC[-5]=R4C13,RC[-1],R3C13)))),1))*RC[-2]/3600)*(1+RC[-1])} -> 0 | U17: {=(IF(RC[-5]=R4C13,RC[-1]*RC[-4],R3C13*RC[-4])+(INDEX(_xlfn._xlws.FILTER('Service Duration by unit'!R1C4:R400C4,('Service Duration by unit'!R1C1:R400C1=RC[-3])*('Service Duration by unit'!R1C3:R400C3=_xlfn.MINIFS('Service Duration by unit'!R1C3:R400C3,'Service Duration by unit'!R1C1:R400C1,RC[-3],'Service Duration by unit'!R1C3:R400C3,">="&IF(RC[-5]=R4C13,RC[-1],R3C13)))),1))*RC[-2]/3600)*(1+RC[-1])} -> 0 | ... FF17: {=(IF(RC[-5]=R4C13,RC[-1]*RC[-4],R3C13*RC[-4])+(INDEX(_xlfn._xlws.FILTER('Service Duration by unit'!R1C4:R400C4,('Service Duration by unit'!R1C1:R400C1=RC[-3])*('Service Duration by unit'!R1C3:R400C3=_xlfn.MINIFS('Service Duration by unit'!R1C3:R400C3,'Service Duration by unit'!R1C1:R400C1,RC[-3],'Service Duration by unit'!R1C3:R400C3,">="&IF(RC[-5]=R4C13,RC[-1],R3C13)))),1))*RC[-2]/3600)*(1+RC[-1])} -> 0
N18: {=(IF(RC[-5]=R4C13,RC[-1]*RC[-4],R3C13*RC[-4])+(INDEX(_xlfn._xlws.FILTER('Service Duration by unit'!R1C4:R400C4,('Service Duration by unit'!R1C1:R400C1=RC[-3])*('Service Duration by unit'!R1C3:R400C3=_xlfn.MINIFS('Service Duration by unit'!R1C3:R400C3,'Service Duration by unit'!R1C1:R400C1,RC[-3],'Service Duration by unit'!R1C3:R400C3,">="&IF(RC[-5]=R4C13,RC[-1],R3C13)))),1))*RC[-2]/3600)*(1+RC[-1])} -> 0 | O18: {=(IF(RC[-5]=R4C13,RC[-1]*RC[-4],R3C13*RC[-4])+(INDEX(_xlfn._xlws.FILTER('Service Duration by unit'!R1C4:R400C4,('Service Duration by unit'!R1C1:R400C1=RC[-3])*('Service Duration by unit'!R1C3:R400C3=_xlfn.MINIFS('Service Duration by unit'!R1C3:R400C3,'Service Duration by unit'!R1C1:R400C1,RC[-3],'Service Duration by unit'!R1C3:R400C3,">="&IF(RC[-5]=R4C13,RC[-1],R3C13)))),1))*RC[-2]/3600)*(1+RC[-1])} -> 0 | P18: {=(IF(RC[-5]=R4C13,RC[-1]*RC[-4],R3C13*RC[-4])+(INDEX(_xlfn._xlws.FILTER('Service Duration by unit'!R1C4:R400C4,('Service Duration by unit'!R1C1:R400C1=RC[-3])*('Service Duration by unit'!R1C3:R400C3=_xlfn.MINIFS('Service Duration by unit'!R1C3:R400C3,'Service Duration by unit'!R1C1:R400C1,RC[-3],'Service Duration by unit'!R1C3:R400C3,">="&IF(RC[-5]=R4C13,RC[-1],R3C13)))),1))*RC[-2]/3600)*(1+RC[-1])} -> 0 | Q18: {=(IF(RC[-5]=R4C13,RC[-1]*RC[-4],R3C13*RC[-4])+(INDEX(_xlfn._xlws.FILTER('Service Duration by unit'!R1C4:R400C4,('Service Duration by unit'!R1C1:R400C1=RC[-3])*('Service Duration by unit'!R1C3:R400C3=_xlfn.MINIFS('Service Duration by unit'!R1C3:R400C3,'Service Duration by unit'!R1C1:R400C1,RC[-3],'Service Duration by unit'!R1C3:R400C3,">="&IF(RC[-5]=R4C13,RC[-1],R3C13)))),1))*RC[-2]/3600)*(1+RC[-1])} -> 0 | R18: {=(IF(RC[-5]=R4C13,RC[-1]*RC[-4],R3C13*RC[-4])+(INDEX(_xlfn._xlws.FILTER('Service Duration by unit'!R1C4:R400C4,('Service Duration by unit'!R1C1:R400C1=RC[-3])*('Service Duration by unit'!R1C3:R400C3=_xlfn.MINIFS('Service Duration by unit'!R1C3:R400C3,'Service Duration by unit'!R1C1:R400C1,RC[-3],'Service Duration by unit'!R1C3:R400C3,">="&IF(RC[-5]=R4C13,RC[-1],R3C13)))),1))*RC[-2]/3600)*(1+RC[-1])} -> 0 | S18: {=(IF(RC[-5]=R4C13,RC[-1]*RC[-4],R3C13*RC[-4])+(INDEX(_xlfn._xlws.FILTER('Service Duration by unit'!R1C4:R400C4,('Service Duration by unit'!R1C1:R400C1=RC[-3])*('Service Duration by unit'!R1C3:R400C3=_xlfn.MINIFS('Service Duration by unit'!R1C3:R400C3,'Service Duration by unit'!R1C1:R400C1,RC[-3],'Service Duration by unit'!R1C3:R400C3,">="&IF(RC[-5]=R4C13,RC[-1],R3C13)))),1))*RC[-2]/3600)*(1+RC[-1])} -> 0 | T18: {=(IF(RC[-5]=R4C13,RC[-1]*RC[-4],R3C13*RC[-4])+(INDEX(_xlfn._xlws.FILTER('Service Duration by unit'!R1C4:R400C4,('Service Duration by unit'!R1C1:R400C1=RC[-3])*('Service Duration by unit'!R1C3:R400C3=_xlfn.MINIFS('Service Duration by unit'!R1C3:R400C3,'Service Duration by unit'!R1C1:R400C1,RC[-3],'Service Duration by unit'!R1C3:R400C3,">="&IF(RC[-5]=R4C13,RC[-1],R3C13)))),1))*RC[-2]/3600)*(1+RC[-1])} -> 0 | U18: {=(IF(RC[-5]=R4C13,RC[-1]*RC[-4],R3C13*RC[-4])+(INDEX(_xlfn._xlws.FILTER('Service Duration by unit'!R1C4:R400C4,('Service Duration by unit'!R1C1:R400C1=RC[-3])*('Service Duration by unit'!R1C3:R400C3=_xlfn.MINIFS('Service Duration by unit'!R1C3:R400C3,'Service Duration by unit'!R1C1:R400C1,RC[-3],'Service Duration by unit'!R1C3:R400C3,">="&IF(RC[-5]=R4C13,RC[-1],R3C13)))),1))*RC[-2]/3600)*(1+RC[-1])} -> 0 | ... FF18: {=(IF(RC[-5]=R4C13,RC[-1]*RC[-4],R3C13*RC[-4])+(INDEX(_xlfn._xlws.FILTER('Service Duration by unit'!R1C4:R400C4,('Service Duration by unit'!R1C1:R400C1=RC[-3])*('Service Duration by unit'!R1C3:R400C3=_xlfn.MINIFS('Service Duration by unit'!R1C3:R400C3,'Service Duration by unit'!R1C1:R400C1,RC[-3],'Service Duration by unit'!R1C3:R400C3,">="&IF(RC[-5]=R4C13,RC[-1],R3C13)))),1))*RC[-2]/3600)*(1+RC[-1])} -> 0
... N50: {=(IF(RC[-5]=R4C13,RC[-1]*RC[-4],R3C13*RC[-4])+(INDEX(_xlfn._xlws.FILTER('Service Duration by unit'!R1C4:R400C4,('Service Duration by unit'!R1C1:R400C1=RC[-3])*('Service Duration by unit'!R1C3:R400C3=_xlfn.MINIFS('Service Duration by unit'!R1C3:R400C3,'Service Duration by unit'!R1C1:R400C1,RC[-3],'Service Duration by unit'!R1C3:R400C3,">="&IF(RC[-5]=R4C13,RC[-1],R3C13)))),1))*RC[-2]/3600)*(1+RC[-1])} -> 0 | O50: {=(IF(RC[-5]=R4C13,RC[-1]*RC[-4],R3C13*RC[-4])+(INDEX(_xlfn._xlws.FILTER('Service Duration by unit'!R1C4:R400C4,('Service Duration by unit'!R1C1:R400C1=RC[-3])*('Service Duration by unit'!R1C3:R400C3=_xlfn.MINIFS('Service Duration by unit'!R1C3:R400C3,'Service Duration by unit'!R1C1:R400C1,RC[-3],'Service Duration by unit'!R1C3:R400C3,">="&IF(RC[-5]=R4C13,RC[-1],R3C13)))),1))*RC[-2]/3600)*(1+RC[-1])} -> 0 | P50: {=(IF(RC[-5]=R4C13,RC[-1]*RC[-4],R3C13*RC[-4])+(INDEX(_xlfn._xlws.FILTER('Service Duration by unit'!R1C4:R400C4,('Service Duration by unit'!R1C1:R400C1=RC[-3])*('Service Duration by unit'!R1C3:R400C3=_xlfn.MINIFS('Service Duration by unit'!R1C3:R400C3,'Service Duration by unit'!R1C1:R400C1,RC[-3],'Service Duration by unit'!R1C3:R400C3,">="&IF(RC[-5]=R4C13,RC[-1],R3C13)))),1))*RC[-2]/3600)*(1+RC[-1])} -> 0 | Q50: {=(IF(RC[-5]=R4C13,RC[-1]*RC[-4],R3C13*RC[-4])+(INDEX(_xlfn._xlws.FILTER('Service Duration by unit'!R1C4:R400C4,('Service Duration by unit'!R1C1:R400C1=RC[-3])*('Service Duration by unit'!R1C3:R400C3=_xlfn.MINIFS('Service Duration by unit'!R1C3:R400C3,'Service Duration by unit'!R1C1:R400C1,RC[-3],'Service Duration by unit'!R1C3:R400C3,">="&IF(RC[-5]=R4C13,RC[-1],R3C13)))),1))*RC[-2]/3600)*(1+RC[-1])} -> 0 | R50: {=(IF(RC[-5]=R4C13,RC[-1]*RC[-4],R3C13*RC[-4])+(INDEX(_xlfn._xlws.FILTER('Service Duration by unit'!R1C4:R400C4,('Service Duration by unit'!R1C1:R400C1=RC[-3])*('Service Duration by unit'!R1C3:R400C3=_xlfn.MINIFS('Service Duration by unit'!R1C3:R400C3,'Service Duration by unit'!R1C1:R400C1,RC[-3],'Service Duration by unit'!R1C3:R400C3,">="&IF(RC[-5]=R4C13,RC[-1],R3C13)))),1))*RC[-2]/3600)*(1+RC[-1])} -> 0 | S50: {=(IF(RC[-5]=R4C13,RC[-1]*RC[-4],R3C13*RC[-4])+(INDEX(_xlfn._xlws.FILTER('Service Duration by unit'!R1C4:R400C4,('Service Duration by unit'!R1C1:R400C1=RC[-3])*('Service Duration by unit'!R1C3:R400C3=_xlfn.MINIFS('Service Duration by unit'!R1C3:R400C3,'Service Duration by unit'!R1C1:R400C1,RC[-3],'Service Duration by unit'!R1C3:R400C3,">="&IF(RC[-5]=R4C13,RC[-1],R3C13)))),1))*RC[-2]/3600)*(1+RC[-1])} -> 0 | T50: {=(IF(RC[-5]=R4C13,RC[-1]*RC[-4],R3C13*RC[-4])+(INDEX(_xlfn._xlws.FILTER('Service Duration by unit'!R1C4:R400C4,('Service Duration by unit'!R1C1:R400C1=RC[-3])*('Service Duration by unit'!R1C3:R400C3=_xlfn.MINIFS('Service Duration by unit'!R1C3:R400C3,'Service Duration by unit'!R1C1:R400C1,RC[-3],'Service Duration by unit'!R1C3:R400C3,">="&IF(RC[-5]=R4C13,RC[-1],R3C13)))),1))*RC[-2]/3600)*(1+RC[-1])} -> 0 | U50: {=(IF(RC[-5]=R4C13,RC[-1]*RC[-4],R3C13*RC[-4])+(INDEX(_xlfn._xlws.FILTER('Service Duration by unit'!R1C4:R400C4,('Service Duration by unit'!R1C1:R400C1=RC[-3])*('Service Duration by unit'!R1C3:R400C3=_xlfn.MINIFS('Service Duration by unit'!R1C3:R400C3,'Service Duration by unit'!R1C1:R400C1,RC[-3],'Service Duration by unit'!R1C3:R400C3,">="&IF(RC[-5]=R4C13,RC[-1],R3C13)))),1))*RC[-2]/3600)*(1+RC[-1])} -> 0 | ... FF50: {=(IF(RC[-5]=R4C13,RC[-1]*RC[-4],R3C13*RC[-4])+(INDEX(_xlfn._xlws.FILTER('Service Duration by unit'!R1C4:R400C4,('Service Duration by unit'!R1C1:R400C1=RC[-3])*('Service Duration by unit'!R1C3:R400C3=_xlfn.MINIFS('Service Duration by unit'!R1C3:R400C3,'Service Duration by unit'!R1C1:R400C1,RC[-3],'Service Duration by unit'!R1C3:R400C3,">="&IF(RC[-5]=R4C13,RC[-1],R3C13)))),1))*RC[-2]/3600)*(1+RC[-1])} -> 0

Sheet Service Duration by unit
A1: Associated Service
A2: TEST - Cutting Glass
A3: TEST - Cutting Glass
A4: TEST - Cutting Glass
A5: TEST - Cutting Glass
A6: TEST - Cutting Glass
A7: TEST - Cutting Wood
A8: TEST - Cutting Wood
A9: TEST - Cutting Wood
A10: Lijst snijden
A11: Lijst snijden
A12: Lijst snijden
... A294: Monteren Crate
A295: Monteren Crate | B295: Work Center A | C295: 4 | D295: 5000

Sheet Dimension
A4: (in m²)
A5: (in m) | B5: Circumference
B8: Data provided from craft | C8: 5.0 x 5.0 | D8: 70.0 x 70.0 | E8: 75.0 x 75.0 | F8: 80.0 x 80.0 | G8: 85.0 x 85.0 | H8: 90.0 x 90.0 | I8: 95.0 x 95.0 | J8: 100.0 x 100.0 | K8: 105.0 x 105.0 | L8: 110.0 x 110.0 | M8: 115.0 x 115.0 | N8: {=(IF(RC[-5]=R4C13,RC[-1]*RC[-4],R3C13*RC[-4])+(INDEX(_xlfn._xlws.FILTER('Service Duration by unit'!R1C4:R400C4,('Service Duration by unit'!R1C1:R400C1=RC[-3])*('Service Duration by unit'!R1C3:R400C3=_xlfn.MINIFS('Service Duration by unit'!R1C3:R400C3,'Service Duration by unit'!R1C1:R400C1,RC[-3],'Service Duration by unit'!R1C3:R400C3,">="&IF(RC[-5]=R4C13,RC[-1],R3C13)))),1))*RC[-2]/3600)*(1+RC[-1])} -> 0 | O8: {=(IF(RC[-5]=R4C13,RC[-1]*RC[-4],R3C13*RC[-4])+(INDEX(_xlfn._xlws.FILTER('Service Duration by unit'!R1C4:R400C4,('Service Duration by unit'!R1C1:R400C1=RC[-3])*('Service Duration by unit'!R1C3:R400C3=_xlfn.MINIFS('Service Duration by unit'!R1C3:R400C3,'Service Duration by unit'!R1C1:R400C1,RC[-3],'Service Duration by unit'!R1C3:R400C3,">="&IF(RC[-5]=R4C13,RC[-1],R3C13)))),1))*RC[-2]/3600)*(1+RC[-1])} -> 0 | P8: {=(IF(RC[-5]=R4C13,RC[-1]*RC[-4],R3C13*RC[-4])+(INDEX(_xlfn._xlws.FILTER('Service Duration by unit'!R1C4:R400C4,('Service Duration by unit'!R1C1:R400C1=RC[-3])*('Service Duration by unit'!R1C3:R400C3=_xlfn.MINIFS('Service Duration by unit'!R1C3:R400C3,'Service Duration by unit'!R1C1:R400C1,RC[-3],'Service Duration by unit'!R1C3:R400C3,">="&IF(RC[-5]=R4C13,RC[-1],R3C13)))),1))*RC[-2]/3600)*(1+RC[-1])} -> 0 | Q8: {=(IF(RC[-5]=R4C13,RC[-1]*RC[-4],R3C13*RC[-4])+(INDEX(_xlfn._xlws.FILTER('Service Duration by unit'!R1C4:R400C4,('Service Duration by unit'!R1C1:R400C1=RC[-3])*('Service Duration by unit'!R1C3:R400C3=_xlfn.MINIFS('Service Duration by unit'!R1C3:R400C3,'Service Duration by unit'!R1C1:R400C1,RC[-3],'Service Duration by unit'!R1C3:R400C3,">="&IF(RC[-5]=R4C13,RC[-1],R3C13)))),1))*RC[-2]/3600)*(1+RC[-1])} -> 0 | R8: {=(IF(RC[-5]=R4C13,RC[-1]*RC[-4],R3C13*RC[-4])+(INDEX(_xlfn._xlws.FILTER('Service Duration by unit'!R1C4:R400C4,('Service Duration by unit'!R1C1:R400C1=RC[-3])*('Service Duration by unit'!R1C3:R400C3=_xlfn.MINIFS('Service Duration by unit'!R1C3:R400C3,'Service Duration by unit'!R1C1:R400C1,RC[-3],'Service Duration by unit'!R1C3:R400C3,">="&IF(RC[-5]=R4C13,RC[-1],R3C13)))),1))*RC[-2]/3600)*(1+RC[-1])} -> 0 | S8: {=(IF(RC[-5]=R4C13,RC[-1]*RC[-4],R3C13*RC[-4])+(INDEX(_xlfn._xlws.FILTER('Service Duration by unit'!R1C4:R400C4,('Service Duration by unit'!R1C1:R400C1=RC[-3])*('Service Duration by unit'!R1C3:R400C3=_xlfn.MINIFS('Service Duration by unit'!R1C3:R400C3,'Service Duration by unit'!R1C1:R400C1,RC[-3],'Service Duration by unit'!R1C3:R400C3,">="&IF(RC[-5]=R4C13,RC[-1],R3C13)))),1))*RC[-2]/3600)*(1+RC[-1])} -> 0 | T8: {=(IF(RC[-5]=R4C13,RC[-1]*RC[-4],R3C13*RC[-4])+(INDEX(_xlfn._xlws.FILTER('Service Duration by unit'!R1C4:R400C4,('Service Duration by unit'!R1C1:R400C1=RC[-3])*('Service Duration by unit'!R1C3:R400C3=_xlfn.MINIFS('Service Duration by unit'!R1C3:R400C3,'Service Duration by unit'!R1C1:R400C1,RC[-3],'Service Duration by unit'!R1C3:R400C3,">="&IF(RC[-5]=R4C13,RC[-1],R3C13)))),1))*RC[-2]/3600)*(1+RC[-1])} -> 0 | U8: {=(IF(RC[-5]=R4C13,RC[-1]*RC[-4],R3C13*RC[-4])+(INDEX(_xlfn._xlws.FILTER('Service Duration by unit'!R1C4:R400C4,('Service Duration by unit'!R1C1:R400C1=RC[-3])*('Service Duration by unit'!R1C3:R400C3=_xlfn.MINIFS('Service Duration by unit'!R1C3:R400C3,'Service Duration by unit'!R1C1:R400C1,RC[-3],'Service Duration by unit'!R1C3:R400C3,">="&IF(RC[-5]=R4C13,RC[-1],R3C13)))),1))*RC[-2]/3600)*(1+RC[-1])} -> 0 | ... FF8: {=(IF(RC[-5]=R4C13,RC[-1]*RC[-4],R3C13*RC[-4])+(INDEX(_xlfn._xlws.FILTER('Service Duration by unit'!R1C4:R400C4,('Service Duration by unit'!R1C1:R400C1=RC[-3])*('Service Duration by unit'!R1C3:R400C3=_xlfn.MINIFS('Service Duration by unit'!R1C3:R400C3,'Service Duration by unit'!R1C1:R400C1,RC[-3],'Service Duration by unit'!R1C3:R400C3,">="&IF(RC[-5]=R4C13,RC[-1],R3C13)))),1))*RC[-2]/3600)*(1+RC[-1])} -> 0
N9: {=(IF(RC[-5]=R4C13,RC[-1]*RC[-4],R3C13*RC[-4])+(INDEX(_xlfn._xlws.FILTER('Service Duration by unit'!R1C4:R400C4,('Service Duration by unit'!R1C1:R400C1=RC[-3])*('Service Duration by unit'!R1C3:R400C3=_xlfn.MINIFS('Service Duration by unit'!R1C3:R400C3,'Service Duration by unit'!R1C1:R400C1,RC[-3],'Service Duration by unit'!R1C3:R400C3,">="&IF(RC[-5]=R4C13,RC[-1],R3C13)))),1))*RC[-2]/3600)*(1+RC[-1])} -> 0 | O9: {=(IF(RC[-5]=R4C13,RC[-1]*RC[-4],R3C13*RC[-4])+(INDEX(_xlfn._xlws.FILTER('Service Duration by unit'!R1C4:R400C4,('Service Duration by unit'!R1C1:R400C1=RC[-3])*('Service Duration by unit'!R1C3:R400C3=_xlfn.MINIFS('Service Duration by unit'!R1C3:R400C3,'Service Duration by unit'!R1C1:R400C1,RC[-3],'Service Duration by unit'!R1C3:R400C3,">="&IF(RC[-5]=R4C13,RC[-1],R3C13)))),1))*RC[-2]/3600)*(1+RC[-1])} -> 0 | P9: {=(IF(RC[-5]=R4C13,RC[-1]*RC[-4],R3C13*RC[-4])+(INDEX(_xlfn._xlws.FILTER('Service Duration by unit'!R1C4:R400C4,('Service Duration by unit'!R1C1:R400C1=RC[-3])*('Service Duration by unit'!R1C3:R400C3=_xlfn.MINIFS('Service Duration by unit'!R1C3:R400C3,'Service Duration by unit'!R1C1:R400C1,RC[-3],'Service Duration by unit'!R1C3:R400C3,">="&IF(RC[-5]=R4C13,RC[-1],R3C13)))),1))*RC[-2]/3600)*(1+RC[-1])} -> 0 | Q9: {=(IF(RC[-5]=R4C13,RC[-1]*RC[-4],R3C13*RC[-4])+(INDEX(_xlfn._xlws.FILTER('Service Duration by unit'!R1C4:R400C4,('Service Duration by unit'!R1C1:R400C1=RC[-3])*('Service Duration by unit'!R1C3:R400C3=_xlfn.MINIFS('Service Duration by unit'!R1C3:R400C3,'Service Duration by unit'!R1C1:R400C1,RC[-3],'Service Duration by unit'!R1C3:R400C3,">="&IF(RC[-5]=R4C13,RC[-1],R3C13)))),1))*RC[-2]/3600)*(1+RC[-1])} -> 0 | R9: {=(IF(RC[-5]=R4C13,RC[-1]*RC[-4],R3C13*RC[-4])+(INDEX(_xlfn._xlws.FILTER('Service Duration by unit'!R1C4:R400C4,('Service Duration by unit'!R1C1:R400C1=RC[-3])*('Service Duration by unit'!R1C3:R400C3=_xlfn.MINIFS('Service Duration by unit'!R1C3:R400C3,'Service Duration by unit'!R1C1:R400C1,RC[-3],'Service Duration by unit'!R1C3:R400C3,">="&IF(RC[-5]=R4C13,RC[-1],R3C13)))),1))*RC[-2]/3600)*(1+RC[-1])} -> 0 | S9: {=(IF(RC[-5]=R4C13,RC[-1]*RC[-4],R3C13*RC[-4])+(INDEX(_xlfn._xlws.FILTER('Service Duration by unit'!R1C4:R400C4,('Service Duration by unit'!R1C1:R400C1=RC[-3])*('Service Duration by unit'!R1C3:R400C3=_xlfn.MINIFS('Service Duration by unit'!R1C3:R400C3,'Service Duration by unit'!R1C1:R400C1,RC[-3],'Service Duration by unit'!R1C3:R400C3,">="&IF(RC[-5]=R4C13,RC[-1],R3C13)))),1))*RC[-2]/3600)*(1+RC[-1])} -> 0 | T9: {=(IF(RC[-5]=R4C13,RC[-1]*RC[-4],R3C13*RC[-4])+(INDEX(_xlfn._xlws.FILTER('Service Duration by unit'!R1C4:R400C4,('Service Duration by unit'!R1C1:R400C1=RC[-3])*('Service Duration by unit'!R1C3:R400C3=_xlfn.MINIFS('Service Duration by unit'!R1C3:R400C3,'Service Duration by unit'!R1C1:R400C1,RC[-3],'Service Duration by unit'!R1C3:R400C3,">="&IF(RC[-5]=R4C13,RC[-1],R3C13)))),1))*RC[-2]/3600)*(1+RC[-1])} -> 0 | U9: {=(IF(RC[-5]=R4C13,RC[-1]*RC[-4],R3C13*RC[-4])+(INDEX(_xlfn._xlws.FILTER('Service Duration by unit'!R1C4:R400C4,('Service Duration by unit'!R1C1:R400C1=RC[-3])*('Service Duration by unit'!R1C3:R400C3=_xlfn.MINIFS('Service Duration by unit'!R1C3:R400C3,'Service Duration by unit'!R1C1:R400C1,RC[-3],'Service Duration by unit'!R1C3:R400C3,">="&IF(RC[-5]=R4C13,RC[-1],R3C13)))),1))*RC[-2]/3600)*(1+RC[-1])} -> 0 | ... FF9: {=(IF(RC[-5]=R4C13,RC[-1]*RC[-4],R3C13*RC[-4])+(INDEX(_xlfn._xlws.FILTER('Service Duration by unit'!R1C4:R400C4,('Service Duration by unit'!R1C1:R400C1=RC[-3])*('Service Duration by unit'!R1C3:R400C3=_xlfn.MINIFS('Service Duration by unit'!R1C3:R400C3,'Service Duration by unit'!R1C1:R400C1,RC[-3],'Service Duration by unit'!R1C3:R400C3,">="&IF(RC[-5]=R4C13,RC[-1],R3C13)))),1))*RC[-2]/3600)*(1+RC[-1])} -> 0
N10: {=(IF(RC[-5]=R4C13,RC[-1]*RC[-4],R3C13*RC[-4])+(INDEX(_xlfn._xlws.FILTER('Service Duration by unit'!R1C4:R400C4,('Service Duration by unit'!R1C1:R400C1=RC[-3])*('Service Duration by unit'!R1C3:R400C3=_xlfn.MINIFS('Service Duration by unit'!R1C3:R400C3,'Service Duration by unit'!R1C1:R400C1,RC[-3],'Service Duration by unit'!R1C3:R400C3,">="&IF(RC[-5]=R4C13,RC[-1],R3C13)))),1))*RC[-2]/3600)*(1+RC[-1])} -> 0 | O10: {=(IF(RC[-5]=R4C13,RC[-1]*RC[-4],R3C13*RC[-4])+(INDEX(_xlfn._xlws.FILTER('Service Duration by unit'!R1C4:R400C4,('Service Duration by unit'!R1C1:R400C1=RC[-3])*('Service Duration by unit'!R1C3:R400C3=_xlfn.MINIFS('Service Duration by unit'!R1C3:R400C3,'Service Duration by unit'!R1C1:R400C1,RC[-3],'Service Duration by unit'!R1C3:R400C3,">="&IF(RC[-5]=R4C13,RC[-1],R3C13)))),1))*RC[-2]/3600)*(1+RC[-1])} -> 0 | P10: {=(IF(RC[-5]=R4C13,RC[-1]*RC[-4],R3C13*RC[-4])+(INDEX(_xlfn._xlws.FILTER('Service Duration by unit'!R1C4:R400C4,('Service Duration by unit'!R1C1:R400C1=RC[-3])*('Service Duration by unit'!R1C3:R400C3=_xlfn.MINIFS('Service Duration by unit'!R1C3:R400C3,'Service Duration by unit'!R1C1:R400C1,RC[-3],'Service Duration by unit'!R1C3:R400C3,">="&IF(RC[-5]=R4C13,RC[-1],R3C13)))),1))*RC[-2]/3600)*(1+RC[-1])} -> 0 | Q10: {=(IF(RC[-5]=R4C13,RC[-1]*RC[-4],R3C13*RC[-4])+(INDEX(_xlfn._xlws.FILTER('Service Duration by unit'!R1C4:R400C4,('Service Duration by unit'!R1C1:R400C1=RC[-3])*('Service Duration by unit'!R1C3:R400C3=_xlfn.MINIFS('Service Duration by unit'!R1C3:R400C3,'Service Duration by unit'!R1C1:R400C1,RC[-3],'Service Duration by unit'!R1C3:R400C3,">="&IF(RC[-5]=R4C13,RC[-1],R3C13)))),1))*RC[-2]/3600)*(1+RC[-1])} -> 0 | R10: {=(IF(RC[-5]=R4C13,RC[-1]*RC[-4],R3C13*RC[-4])+(INDEX(_xlfn._xlws.FILTER('Service Duration by unit'!R1C4:R400C4,('Service Duration by unit'!R1C1:R400C1=RC[-3])*('Service Duration by unit'!R1C3:R400C3=_xlfn.MINIFS('Service Duration by unit'!R1C3:R400C3,'Service Duration by unit'!R1C1:R400C1,RC[-3],'Service Duration by unit'!R1C3:R400C3,">="&IF(RC[-5]=R4C13,RC[-1],R3C13)))),1))*RC[-2]/3600)*(1+RC[-1])} -> 0 | S10: {=(IF(RC[-5]=R4C13,RC[-1]*RC[-4],R3C13*RC[-4])+(INDEX(_xlfn._xlws.FILTER('Service Duration by unit'!R1C4:R400C4,('Service Duration by unit'!R1C1:R400C1=RC[-3])*('Service Duration by unit'!R1C3:R400C3=_xlfn.MINIFS('Service Duration by unit'!R1C3:R400C3,'Service Duration by unit'!R1C1:R400C1,RC[-3],'Service Duration by unit'!R1C3:R400C3,">="&IF(RC[-5]=R4C13,RC[-1],R3C13)))),1))*RC[-2]/3600)*(1+RC[-1])} -> 0 | T10: {=(IF(RC[-5]=R4C13,RC[-1]*RC[-4],R3C13*RC[-4])+(INDEX(_xlfn._xlws.FILTER('Service Duration by unit'!R1C4:R400C4,('Service Duration by unit'!R1C1:R400C1=RC[-3])*('Service Duration by unit'!R1C3:R400C3=_xlfn.MINIFS('Service Duration by unit'!R1C3:R400C3,'Service Duration by unit'!R1C1:R400C1,RC[-3],'Service Duration by unit'!R1C3:R400C3,">="&IF(RC[-5]=R4C13,RC[-1],R3C13)))),1))*RC[-2]/3600)*(1+RC[-1])} -> 0 | U10: {=(IF(RC[-5]=R4C13,RC[-1]*RC[-4],R3C13*RC[-4])+(INDEX(_xlfn._xlws.FILTER('Service Duration by unit'!R1C4:R400C4,('Service Duration by unit'!R1C1:R400C1=RC[-3])*('Service Duration by unit'!R1C3:R400C3=_xlfn.MINIFS('Service Duration by unit'!R1C3:R400C3,'Service Duration by unit'!R1C1:R400C1,RC[-3],'Service Duration by unit'!R1C3:R400C3,">="&IF(RC[-5]=R4C13,RC[-1],R3C13)))),1))*RC[-2]/3600)*(1+RC[-1])} -> 0 | ... FF10: {=(IF(RC[-5]=R4C13,RC[-1]*RC[-4],R3C13*RC[-4])+(INDEX(_xlfn._xlws.FILTER('Service Duration by unit'!R1C4:R400C4,('Service Duration by unit'!R1C1:R400C1=RC[-3])*('Service Duration by unit'!R1C3:R400C3=_xlfn.MINIFS('Service Duration by unit'!R1C3:R400C3,'Service Duration by unit'!R1C1:R400C1,RC[-3],'Service Duration by unit'!R1C3:R400C3,">="&IF(RC[-5]=R4C13,RC[-1],R3C13)))),1))*RC[-2]/3600)*(1+RC[-1])} -> 0
N11: {=(IF(RC[-5]=R4C13,RC[-1]*RC[-4],R3C13*RC[-4])+(INDEX(_xlfn._xlws.FILTER('Service Duration by unit'!R1C4:R400C4,('Service Duration by unit'!R1C1:R400C1=RC[-3])*('Service Duration by unit'!R1C3:R400C3=_xlfn.MINIFS('Service Duration by unit'!R1C3:R400C3,'Service Duration by unit'!R1C1:R400C1,RC[-3],'Service Duration by unit'!R1C3:R400C3,">="&IF(RC[-5]=R4C13,RC[-1],R3C13)))),1))*RC[-2]/3600)*(1+RC[-1])} -> 0 | O11: {=(IF(RC[-5]=R4C13,RC[-1]*RC[-4],R3C13*RC[-4])+(INDEX(_xlfn._xlws.FILTER('Service Duration by unit'!R1C4:R400C4,('Service Duration by unit'!R1C1:R400C1=RC[-3])*('Service Duration by unit'!R1C3:R400C3=_xlfn.MINIFS('Service Duration by unit'!R1C3:R400C3,'Service Duration by unit'!R1C1:R400C1,RC[-3],'Service Duration by unit'!R1C3:R400C3,">="&IF(RC[-5]=R4C13,RC[-1],R3C13)))),1))*RC[-2]/3600)*(1+RC[-1])} -> 0 | P11: {=(IF(RC[-5]=R4C13,RC[-1]*RC[-4],R3C13*RC[-4])+(INDEX(_xlfn._xlws.FILTER('Service Duration by unit'!R1C4:R400C4,('Service Duration by unit'!R1C1:R400C1=RC[-3])*('Service Duration by unit'!R1C3:R400C3=_xlfn.MINIFS('Service Duration by unit'!R1C3:R400C3,'Service Duration by unit'!R1C1:R400C1,RC[-3],'Service Duration by unit'!R1C3:R400C3,">="&IF(RC[-5]=R4C13,RC[-1],R3C13)))),1))*RC[-2]/3600)*(1+RC[-1])} -> 0 | Q11: {=(IF(RC[-5]=R4C13,RC[-1]*RC[-4],R3C13*RC[-4])+(INDEX(_xlfn._xlws.FILTER('Service Duration by unit'!R1C4:R400C4,('Service Duration by unit'!R1C1:R400C1=RC[-3])*('Service Duration by unit'!R1C3:R400C3=_xlfn.MINIFS('Service Duration by unit'!R1C3:R400C3,'Service Duration by unit'!R1C1:R400C1,RC[-3],'Service Duration by unit'!R1C3:R400C3,">="&IF(RC[-5]=R4C13,RC[-1],R3C13)))),1))*RC[-2]/3600)*(1+RC[-1])} -> 0 | R11: {=(IF(RC[-5]=R4C13,RC[-1]*RC[-4],R3C13*RC[-4])+(INDEX(_xlfn._xlws.FILTER('Service Duration by unit'!R1C4:R400C4,('Service Duration by unit'!R1C1:R400C1=RC[-3])*('Service Duration by unit'!R1C3:R400C3=_xlfn.MINIFS('Service Duration by unit'!R1C3:R400C3,'Service Duration by unit'!R1C1:R400C1,RC[-3],'Service Duration by unit'!R1C3:R400C3,">="&IF(RC[-5]=R4C13,RC[-1],R3C13)))),1))*RC[-2]/3600)*(1+RC[-1])} -> 0 | S11: {=(IF(RC[-5]=R4C13,RC[-1]*RC[-4],R3C13*RC[-4])+(INDEX(_xlfn._xlws.FILTER('Service Duration by unit'!R1C4:R400C4,('Service Duration by unit'!R1C1:R400C1=RC[-3])*('Service Duration by unit'!R1C3:R400C3=_xlfn.MINIFS('Service Duration by unit'!R1C3:R400C3,'Service Duration by unit'!R1C1:R400C1,RC[-3],'Service Duration by unit'!R1C3:R400C3,">="&IF(RC[-5]=R4C13,RC[-1],R3C13)))),1))*RC[-2]/3600)*(1+RC[-1])} -> 0 | T11: {=(IF(RC[-5]=R4C13,RC[-1]*RC[-4],R3C13*RC[-4])+(INDEX(_xlfn._xlws.FILTER('Service Duration by unit'!R1C4:R400C4,('Service Duration by unit'!R1C1:R400C1=RC[-3])*('Service Duration by unit'!R1C3:R400C3=_xlfn.MINIFS('Service Duration by unit'!R1C3:R400C3,'Service Duration by unit'!R1C1:R400C1,RC[-3],'Service Duration by unit'!R1C3:R400C3,">="&IF(RC[-5]=R4C13,RC[-1],R3C13)))),1))*RC[-2]/3600)*(1+RC[-1])} -> 0 | U11: {=(IF(RC[-5]=R4C13,RC[-1]*RC[-4],R3C13*RC[-4])+(INDEX(_xlfn._xlws.FILTER('Service Duration by unit'!R1C4:R400C4,('Service Duration by unit'!R1C1:R400C1=RC[-3])*('Service Duration by unit'!R1C3:R400C3=_xlfn.MINIFS('Service Duration by unit'!R1C3:R400C3,'Service Duration by unit'!R1C1:R400C1,RC[-3],'Service Duration by unit'!R1C3:R400C3,">="&IF(RC[-5]=R4C13,RC[-1],R3C13)))),1))*RC[-2]/3600)*(1+RC[-1])} -> 0 | ... FF11: {=(IF(RC[-5]=R4C13,RC[-1]*RC[-4],R3C13*RC[-4])+(INDEX(_xlfn._xlws.FILTER('Service Duration by unit'!R1C4:R400C4,('Service Duration by unit'!R1C1:R400C1=RC[-3])*('Service Duration by unit'!R1C3:R400C3=_xlfn.MINIFS('Service Duration by unit'!R1C3:R400C3,'Service Duration by unit'!R1C1:R400C1,RC[-3],'Service Duration by unit'!R1C3:R400C3,">="&IF(RC[-5]=R4C13,RC[-1],R3C13)))),1))*RC[-2]/3600)*(1+RC[-1])} -> 0
N12: {=(IF(RC[-5]=R4C13,RC[-1]*RC[-4],R3C13*RC[-4])+(INDEX(_xlfn._xlws.FILTER('Service Duration by unit'!R1C4:R400C4,('Service Duration by unit'!R1C1:R400C1=RC[-3])*('Service Duration by unit'!R1C3:R400C3=_xlfn.MINIFS('Service Duration by unit'!R1C3:R400C3,'Service Duration by unit'!R1C1:R400C1,RC[-3],'Service Duration by unit'!R1C3:R400C3,">="&IF(RC[-5]=R4C13,RC[-1],R3C13)))),1))*RC[-2]/3600)*(1+RC[-1])} -> 0 | O12: {=(IF(RC[-5]=R4C13,RC[-1]*RC[-4],R3C13*RC[-4])+(INDEX(_xlfn._xlws.FILTER('Service Duration by unit'!R1C4:R400C4,('Service Duration by unit'!R1C1:R400C1=RC[-3])*('Service Duration by unit'!R1C3:R400C3=_xlfn.MINIFS('Service Duration by unit'!R1C3:R400C3,'Service Duration by unit'!R1C1:R400C1,RC[-3],'Service Duration by unit'!R1C3:R400C3,">="&IF(RC[-5]=R4C13,RC[-1],R3C13)))),1))*RC[-2]/3600)*(1+RC[-1])} -> 0 | P12: {=(IF(RC[-5]=R4C13,RC[-1]*RC[-4],R3C13*RC[-4])+(INDEX(_xlfn._xlws.FILTER('Service Duration by unit'!R1C4:R400C4,('Service Duration by unit'!R1C1:R400C1=RC[-3])*('Service Duration by unit'!R1C3:R400C3=_xlfn.MINIFS('Service Duration by unit'!R1C3:R400C3,'Service Duration by unit'!R1C1:R400C1,RC[-3],'Service Duration by unit'!R1C3:R400C3,">="&IF(RC[-5]=R4C13,RC[-1],R3C13)))),1))*RC[-2]/3600)*(1+RC[-1])} -> 0 | Q12: {=(IF(RC[-5]=R4C13,RC[-1]*RC[-4],R3C13*RC[-4])+(INDEX(_xlfn._xlws.FILTER('Service Duration by unit'!R1C4:R400C4,('Service Duration by unit'!R1C1:R400C1=RC[-3])*('Service Duration by unit'!R1C3:R400C3=_xlfn.MINIFS('Service Duration by unit'!R1C3:R400C3,'Service Duration by unit'!R1C1:R400C1,RC[-3],'Service Duration by unit'!R1C3:R400C3,">="&IF(RC[-5]=R4C13,RC[-1],R3C13)))),1))*RC[-2]/3600)*(1+RC[-1])} -> 0 | R12: {=(IF(RC[-5]=R4C13,RC[-1]*RC[-4],R3C13*RC[-4])+(INDEX(_xlfn._xlws.FILTER('Service Duration by unit'!R1C4:R400C4,('Service Duration by unit'!R1C1:R400C1=RC[-3])*('Service Duration by unit'!R1C3:R400C3=_xlfn.MINIFS('Service Duration by unit'!R1C3:R400C3,'Service Duration by unit'!R1C1:R400C1,RC[-3],'Service Duration by unit'!R1C3:R400C3,">="&IF(RC[-5]=R4C13,RC[-1],R3C13)))),1))*RC[-2]/3600)*(1+RC[-1])} -> 0 | S12: {=(IF(RC[-5]=R4C13,RC[-1]*RC[-4],R3C13*RC[-4])+(INDEX(_xlfn._xlws.FILTER('Service Duration by unit'!R1C4:R400C4,('Service Duration by unit'!R1C1:R400C1=RC[-3])*('Service Duration by unit'!R1C3:R400C3=_xlfn.MINIFS('Service Duration by unit'!R1C3:R400C3,'Service Duration by unit'!R1C1:R400C1,RC[-3],'Service Duration by unit'!R1C3:R400C3,">="&IF(RC[-5]=R4C13,RC[-1],R3C13)))),1))*RC[-2]/3600)*(1+RC[-1])} -> 0 | T12: {=(IF(RC[-5]=R4C13,RC[-1]*RC[-4],R3C13*RC[-4])+(INDEX(_xlfn._xlws.FILTER('Service Duration by unit'!R1C4:R400C4,('Service Duration by unit'!R1C1:R400C1=RC[-3])*('Service Duration by unit'!R1C3:R400C3=_xlfn.MINIFS('Service Duration by unit'!R1C3:R400C3,'Service Duration by unit'!R1C1:R400C1,RC[-3],'Service Duration by unit'!R1C3:R400C3,">="&IF(RC[-5]=R4C13,RC[-1],R3C13)))),1))*RC[-2]/3600)*(1+RC[-1])} -> 0 | U12: {=(IF(RC[-5]=R4C13,RC[-1]*RC[-4],R3C13*RC[-4])+(INDEX(_xlfn._xlws.FILTER('Service Duration by unit'!R1C4:R400C4,('Service Duration by unit'!R1C1:R400C1=RC[-3])*('Service Duration by unit'!R1C3:R400C3=_xlfn.MINIFS('Service Duration by unit'!R1C3:R400C3,'Service Duration by unit'!R1C1:R400C1,RC[-3],'Service Duration by unit'!R1C3:R400C3,">="&IF(RC[-5]=R4C13,RC[-1],R3C13)))),1))*RC[-2]/3600)*(1+RC[-1])} -> 0 | ... FF12: {=(IF(RC[-5]=R4C13,RC[-1]*RC[-4],R3C13*RC[-4])+(INDEX(_xlfn._xlws.FILTER('Service Duration by unit'!R1C4:R400C4,('Service Duration by unit'!R1C1:R400C1=RC[-3])*('Service Duration by unit'!R1C3:R400C3=_xlfn.MINIFS('Service Duration by unit'!R1C3:R400C3,'Service Duration by unit'!R1C1:R400C1,RC[-3],'Service Duration by unit'!R1C3:R400C3,">="&IF(RC[-5]=R4C13,RC[-1],R3C13)))),1))*RC[-2]/3600)*(1+RC[-1])} -> 0
N13: {=(IF(RC[-5]=R4C13,RC[-1]*RC[-4],R3C13*RC[-4])+(INDEX(_xlfn._xlws.FILTER('Service Duration by unit'!R1C4:R400C4,('Service Duration by unit'!R1C1:R400C1=RC[-3])*('Service Duration by unit'!R1C3:R400C3=_xlfn.MINIFS('Service Duration by unit'!R1C3:R400C3,'Service Duration by unit'!R1C1:R400C1,RC[-3],'Service Duration by unit'!R1C3:R400C3,">="&IF(RC[-5]=R4C13,RC[-1],R3C13)))),1))*RC[-2]/3600)*(1+RC[-1])} -> 0 | O13: {=(IF(RC[-5]=R4C13,RC[-1]*RC[-4],R3C13*RC[-4])+(INDEX(_xlfn._xlws.FILTER('Service Duration by unit'!R1C4:R400C4,('Service Duration by unit'!R1C1:R400C1=RC[-3])*('Service Duration by unit'!R1C3:R400C3=_xlfn.MINIFS('Service Duration by unit'!R1C3:R400C3,'Service Duration by unit'!R1C1:R400C1,RC[-3],'Service Duration by unit'!R1C3:R400C3,">="&IF(RC[-5]=R4C13,RC[-1],R3C13)))),1))*RC[-2]/3600)*(1+RC[-1])} -> 0 | P13: {=(IF(RC[-5]=R4C13,RC[-1]*RC[-4],R3C13*RC[-4])+(INDEX(_xlfn._xlws.FILTER('Service Duration by unit'!R1C4:R400C4,('Service Duration by unit'!R1C1:R400C1=RC[-3])*('Service Duration by unit'!R1C3:R400C3=_xlfn.MINIFS('Service Duration by unit'!R1C3:R400C3,'Service Duration by unit'!R1C1:R400C1,RC[-3],'Service Duration by unit'!R1C3:R400C3,">="&IF(RC[-5]=R4C13,RC[-1],R3C13)))),1))*RC[-2]/3600)*(1+RC[-1])} -> 0 | Q13: {=(IF(RC[-5]=R4C13,RC[-1]*RC[-4],R3C13*RC[-4])+(INDEX(_xlfn._xlws.FILTER('Service Duration by unit'!R1C4:R400C4,('Service Duration by unit'!R1C1:R400C1=RC[-3])*('Service Duration by unit'!R1C3:R400C3=_xlfn.MINIFS('Service Duration by unit'!R1C3:R400C3,'Service Duration by unit'!R1C1:R400C1,RC[-3],'Service Duration by unit'!R1C3:R400C3,">="&IF(RC[-5]=R4C13,RC[-1],R3C13)))),1))*RC[-2]/3600)*(1+RC[-1])} -> 0 | R13: {=(IF(RC[-5]=R4C13,RC[-1]*RC[-4],R3C13*RC[-4])+(INDEX(_xlfn._xlws.FILTER('Service Duration by unit'!R1C4:R400C4,('Service Duration by unit'!R1C1:R400C1=RC[-3])*('Service Duration by unit'!R1C3:R400C3=_xlfn.MINIFS('Service Duration by unit'!R1C3:R400C3,'Service Duration by unit'!R1C1:R400C1,RC[-3],'Service Duration by unit'!R1C3:R400C3,">="&IF(RC[-5]=R4C13,RC[-1],R3C13)))),1))*RC[-2]/3600)*(1+RC[-1])} -> 0 | S13: {=(IF(RC[-5]=R4C13,RC[-1]*RC[-4],R3C13*RC[-4])+(INDEX(_xlfn._xlws.FILTER('Service Duration by unit'!R1C4:R400C4,('Service Duration by unit'!R1C1:R400C1=RC[-3])*('Service Duration by unit'!R1C3:R400C3=_xlfn.MINIFS('Service Duration by unit'!R1C3:R400C3,'Service Duration by unit'!R1C1:R400C1,RC[-3],'Service Duration by unit'!R1C3:R400C3,">="&IF(RC[-5]=R4C13,RC[-1],R3C13)))),1))*RC[-2]/3600)*(1+RC[-1])} -> 0 | T13: {=(IF(RC[-5]=R4C13,RC[-1]*RC[-4],R3C13*RC[-4])+(INDEX(_xlfn._xlws.FILTER('Service Duration by unit'!R1C4:R400C4,('Service Duration by unit'!R1C1:R400C1=RC[-3])*('Service Duration by unit'!R1C3:R400C3=_xlfn.MINIFS('Service Duration by unit'!R1C3:R400C3,'Service Duration by unit'!R1C1:R400C1,RC[-3],'Service Duration by unit'!R1C3:R400C3,">="&IF(RC[-5]=R4C13,RC[-1],R3C13)))),1))*RC[-2]/3600)*(1+RC[-1])} -> 0 | U13: {=(IF(RC[-5]=R4C13,RC[-1]*RC[-4],R3C13*RC[-4])+(INDEX(_xlfn._xlws.FILTER('Service Duration by unit'!R1C4:R400C4,('Service Duration by unit'!R1C1:R400C1=RC[-3])*('Service Duration by unit'!R1C3:R400C3=_xlfn.MINIFS('Service Duration by unit'!R1C3:R400C3,'Service Duration by unit'!R1C1:R400C1,RC[-3],'Service Duration by unit'!R1C3:R400C3,">="&IF(RC[-5]=R4C13,RC[-1],R3C13)))),1))*RC[-2]/3600)*(1+RC[-1])} -> 0 | ... FF13: {=(IF(RC[-5]=R4C13,RC[-1]*RC[-4],R3C13*RC[-4])+(INDEX(_xlfn._xlws.FILTER('Service Duration by unit'!R1C4:R400C4,('Service Duration by unit'!R1C1:R400C1=RC[-3])*('Service Duration by unit'!R1C3:R400C3=_xlfn.MINIFS('Service Duration by unit'!R1C3:R400C3,'Service Duration by unit'!R1C1:R400C1,RC[-3],'Service Duration by unit'!R1C3:R400C3,">="&IF(RC[-5]=R4C13,RC[-1],R3C13)))),1))*RC[-2]/3600)*(1+RC[-1])} -> 0
N14: {=(IF(RC[-5]=R4C13,RC[-1]*RC[-4],R3C13*RC[-4])+(INDEX(_xlfn._xlws.FILTER('Service Duration by unit'!R1C4:R400C4,('Service Duration by unit'!R1C1:R400C1=RC[-3])*('Service Duration by unit'!R1C3:R400C3=_xlfn.MINIFS('Service Duration by unit'!R1C3:R400C3,'Service Duration by unit'!R1C1:R400C1,RC[-3],'Service Duration by unit'!R1C3:R400C3,">="&IF(RC[-5]=R4C13,RC[-1],R3C13)))),1))*RC[-2]/3600)*(1+RC[-1])} -> 0 | O14: {=(IF(RC[-5]=R4C13,RC[-1]*RC[-4],R3C13*RC[-4])+(INDEX(_xlfn._xlws.FILTER('Service Duration by unit'!R1C4:R400C4,('Service Duration by unit'!R1C1:R400C1=RC[-3])*('Service Duration by unit'!R1C3:R400C3=_xlfn.MINIFS('Service Duration by unit'!R1C3:R400C3,'Service Duration by unit'!R1C1:R400C1,RC[-3],'Service Duration by unit'!R1C3:R400C3,">="&IF(RC[-5]=R4C13,RC[-1],R3C13)))),1))*RC[-2]/3600)*(1+RC[-1])} -> 0 | P14: {=(IF(RC[-5]=R4C13,RC[-1]*RC[-4],R3C13*RC[-4])+(INDEX(_xlfn._xlws.FILTER('Service Duration by unit'!R1C4:R400C4,('Service Duration by unit'!R1C1:R400C1=RC[-3])*('Service Duration by unit'!R1C3:R400C3=_xlfn.MINIFS('Service Duration by unit'!R1C3:R400C3,'Service Duration by unit'!R1C1:R400C1,RC[-3],'Service Duration by unit'!R1C3:R400C3,">="&IF(RC[-5]=R4C13,RC[-1],R3C13)))),1))*RC[-2]/3600)*(1+RC[-1])} -> 0 | Q14: {=(IF(RC[-5]=R4C13,RC[-1]*RC[-4],R3C13*RC[-4])+(INDEX(_xlfn._xlws.FILTER('Service Duration by unit'!R1C4:R400C4,('Service Duration by unit'!R1C1:R400C1=RC[-3])*('Service Duration by unit'!R1C3:R400C3=_xlfn.MINIFS('Service Duration by unit'!R1C3:R400C3,'Service Duration by unit'!R1C1:R400C1,RC[-3],'Service Duration by unit'!R1C3:R400C3,">="&IF(RC[-5]=R4C13,RC[-1],R3C13)))),1))*RC[-2]/3600)*(1+RC[-1])} -> 0 | R14: {=(IF(RC[-5]=R4C13,RC[-1]*RC[-4],R3C13*RC[-4])+(INDEX(_xlfn._xlws.FILTER('Service Duration by unit'!R1C4:R400C4,('Service Duration by unit'!R1C1:R400C1=RC[-3])*('Service Duration by unit'!R1C3:R400C3=_xlfn.MINIFS('Service Duration by unit'!R1C3:R400C3,'Service Duration by unit'!R1C1:R400C1,RC[-3],'Service Duration by unit'!R1C3:R400C3,">="&IF(RC[-5]=R4C13,RC[-1],R3C13)))),1))*RC[-2]/3600)*(1+RC[-1])} -> 0 | S14: {=(IF(RC[-5]=R4C13,RC[-1]*RC[-4],R3C13*RC[-4])+(INDEX(_xlfn._xlws.FILTER('Service Duration by unit'!R1C4:R400C4,('Service Duration by unit'!R1C1:R400C1=RC[-3])*('Service Duration by unit'!R1C3:R400C3=_xlfn.MINIFS('Service Duration by unit'!R1C3:R400C3,'Service Duration by unit'!R1C1:R400C1,RC[-3],'Service Duration by unit'!R1C3:R400C3,">="&IF(RC[-5]=R4C13,RC[-1],R3C13)))),1))*RC[-2]/3600)*(1+RC[-1])} -> 0 | T14: {=(IF(RC[-5]=R4C13,RC[-1]*RC[-4],R3C13*RC[-4])+(INDEX(_xlfn._xlws.FILTER('Service Duration by unit'!R1C4:R400C4,('Service Duration by unit'!R1C1:R400C1=RC[-3])*('Service Duration by unit'!R1C3:R400C3=_xlfn.MINIFS('Service Duration by unit'!R1C3:R400C3,'Service Duration by unit'!R1C1:R400C1,RC[-3],'Service Duration by unit'!R1C3:R400C3,">="&IF(RC[-5]=R4C13,RC[-1],R3C13)))),1))*RC[-2]/3600)*(1+RC[-1])} -> 0 | U14: {=(IF(RC[-5]=R4C13,RC[-1]*RC[-4],R3C13*RC[-4])+(INDEX(_xlfn._xlws.FILTER('Service Duration by unit'!R1C4:R400C4,('Service Duration by unit'!R1C1:R400C1=RC[-3])*('Service Duration by unit'!R1C3:R400C3=_xlfn.MINIFS('Service Duration by unit'!R1C3:R400C3,'Service Duration by unit'!R1C1:R400C1,RC[-3],'Service Duration by unit'!R1C3:R400C3,">="&IF(RC[-5]=R4C13,RC[-1],R3C13)))),1))*RC[-2]/3600)*(1+RC[-1])} -> 0 | ... FF14: {=(IF(RC[-5]=R4C13,RC[-1]*RC[-4],R3C13*RC[-4])+(INDEX(_xlfn._xlws.FILTER('Service Duration by unit'!R1C4:R400C4,('Service Duration by unit'!R1C1:R400C1=RC[-3])*('Service Duration by unit'!R1C3:R400C3=_xlfn.MINIFS('Service Duration by unit'!R1C3:R400C3,'Service Duration by unit'!R1C1:R400C1,RC[-3],'Service Duration by unit'!R1C3:R400C3,">="&IF(RC[-5]=R4C13,RC[-1],R3C13)))),1))*RC[-2]/3600)*(1+RC[-1])} -> 0
N15: {=(IF(RC[-5]=R4C13,RC[-1]*RC[-4],R3C13*RC[-4])+(INDEX(_xlfn._xlws.FILTER('Service Duration by unit'!R1C4:R400C4,('Service Duration by unit'!R1C1:R400C1=RC[-3])*('Service Duration by unit'!R1C3:R400C3=_xlfn.MINIFS('Service Duration by unit'!R1C3:R400C3,'Service Duration by unit'!R1C1:R400C1,RC[-3],'Service Duration by unit'!R1C3:R400C3,">="&IF(RC[-5]=R4C13,RC[-1],R3C13)))),1))*RC[-2]/3600)*(1+RC[-1])} -> 0 | O15: {=(IF(RC[-5]=R4C13,RC[-1]*RC[-4],R3C13*RC[-4])+(INDEX(_xlfn._xlws.FILTER('Service Duration by unit'!R1C4:R400C4,('Service Duration by unit'!R1C1:R400C1=RC[-3])*('Service Duration by unit'!R1C3:R400C3=_xlfn.MINIFS('Service Duration by unit'!R1C3:R400C3,'Service Duration by unit'!R1C1:R400C1,RC[-3],'Service Duration by unit'!R1C3:R400C3,">="&IF(RC[-5]=R4C13,RC[-1],R3C13)))),1))*RC[-2]/3600)*(1+RC[-1])} -> 0 | P15: {=(IF(RC[-5]=R4C13,RC[-1]*RC[-4],R3C13*RC[-4])+(INDEX(_xlfn._xlws.FILTER('Service Duration by unit'!R1C4:R400C4,('Service Duration by unit'!R1C1:R400C1=RC[-3])*('Service Duration by unit'!R1C3:R400C3=_xlfn.MINIFS('Service Duration by unit'!R1C3:R400C3,'Service Duration by unit'!R1C1:R400C1,RC[-3],'Service Duration by unit'!R1C3:R400C3,">="&IF(RC[-5]=R4C13,RC[-1],R3C13)))),1))*RC[-2]/3600)*(1+RC[-1])} -> 0 | Q15: {=(IF(RC[-5]=R4C13,RC[-1]*RC[-4],R3C13*RC[-4])+(INDEX(_xlfn._xlws.FILTER('Service Duration by unit'!R1C4:R400C4,('Service Duration by unit'!R1C1:R400C1=RC[-3])*('Service Duration by unit'!R1C3:R400C3=_xlfn.MINIFS('Service Duration by unit'!R1C3:R400C3,'Service Duration by unit'!R1C1:R400C1,RC[-3],'Service Duration by unit'!R1C3:R400C3,">="&IF(RC[-5]=R4C13,RC[-1],R3C13)))),1))*RC[-2]/3600)*(1+RC[-1])} -> 0 | R15: {=(IF(RC[-5]=R4C13,RC[-1]*RC[-4],R3C13*RC[-4])+(INDEX(_xlfn._xlws.FILTER('Service Duration by unit'!R1C4:R400C4,('Service Duration by unit'!R1C1:R400C1=RC[-3])*('Service Duration by unit'!R1C3:R400C3=_xlfn.MINIFS('Service Duration by unit'!R1C3:R400C3,'Service Duration by unit'!R1C1:R400C1,RC[-3],'Service Duration by unit'!R1C3:R400C3,">="&IF(RC[-5]=R4C13,RC[-1],R3C13)))),1))*RC[-2]/3600)*(1+RC[-1])} -> 0 | S15: {=(IF(RC[-5]=R4C13,RC[-1]*RC[-4],R3C13*RC[-4])+(INDEX(_xlfn._xlws.FILTER('Service Duration by unit'!R1C4:R400C4,('Service Duration by unit'!R1C1:R400C1=RC[-3])*('Service Duration by unit'!R1C3:R400C3=_xlfn.MINIFS('Service Duration by unit'!R1C3:R400C3,'Service Duration by unit'!R1C1:R400C1,RC[-3],'Service Duration by unit'!R1C3:R400C3,">="&IF(RC[-5]=R4C13,RC[-1],R3C13)))),1))*RC[-2]/3600)*(1+RC[-1])} -> 0 | T15: {=(IF(RC[-5]=R4C13,RC[-1]*RC[-4],R3C13*RC[-4])+(INDEX(_xlfn._xlws.FILTER('Service Duration by unit'!R1C4:R400C4,('Service Duration by unit'!R1C1:R400C1=RC[-3])*('Service Duration by unit'!R1C3:R400C3=_xlfn.MINIFS('Service Duration by unit'!R1C3:R400C3,'Service Duration by unit'!R1C1:R400C1,RC[-3],'Service Duration by unit'!R1C3:R400C3,">="&IF(RC[-5]=R4C13,RC[-1],R3C13)))),1))*RC[-2]/3600)*(1+RC[-1])} -> 0 | U15: {=(IF(RC[-5]=R4C13,RC[-1]*RC[-4],R3C13*RC[-4])+(INDEX(_xlfn._xlws.FILTER('Service Duration by unit'!R1C4:R400C4,('Service Duration by unit'!R1C1:R400C1=RC[-3])*('Service Duration by unit'!R1C3:R400C3=_xlfn.MINIFS('Service Duration by unit'!R1C3:R400C3,'Service Duration by unit'!R1C1:R400C1,RC[-3],'Service Duration by unit'!R1C3:R400C3,">="&IF(RC[-5]=R4C13,RC[-1],R3C13)))),1))*RC[-2]/3600)*(1+RC[-1])} -> 0 | ... FF15: {=(IF(RC[-5]=R4C13,RC[-1]*RC[-4],R3C13*RC[-4])+(INDEX(_xlfn._xlws.FILTER('Service Duration by unit'!R1C4:R400C4,('Service Duration by unit'!R1C1:R400C1=RC[-3])*('Service Duration by unit'!R1C3:R400C3=_xlfn.MINIFS('Service Duration by unit'!R1C3:R400C3,'Service Duration by unit'!R1C1:R400C1,RC[-3],'Service Duration by unit'!R1C3:R400C3,">="&IF(RC[-5]=R4C13,RC[-1],R3C13)))),1))*RC[-2]/3600)*(1+RC[-1])} -> 0
N16: {=(IF(RC[-5]=R4C13,RC[-1]*RC[-4],R3C13*RC[-4])+(INDEX(_xlfn._xlws.FILTER('Service Duration by unit'!R1C4:R400C4,('Service Duration by unit'!R1C1:R400C1=RC[-3])*('Service Duration by unit'!R1C3:R400C3=_xlfn.MINIFS('Service Duration by unit'!R1C3:R400C3,'Service Duration by unit'!R1C1:R400C1,RC[-3],'Service Duration by unit'!R1C3:R400C3,">="&IF(RC[-5]=R4C13,RC[-1],R3C13)))),1))*RC[-2]/3600)*(1+RC[-1])} -> 0 | O16: {=(IF(RC[-5]=R4C13,RC[-1]*RC[-4],R3C13*RC[-4])+(INDEX(_xlfn._xlws.FILTER('Service Duration by unit'!R1C4:R400C4,('Service Duration by unit'!R1C1:R400C1=RC[-3])*('Service Duration by unit'!R1C3:R400C3=_xlfn.MINIFS('Service Duration by unit'!R1C3:R400C3,'Service Duration by unit'!R1C1:R400C1,RC[-3],'Service Duration by unit'!R1C3:R400C3,">="&IF(RC[-5]=R4C13,RC[-1],R3C13)))),1))*RC[-2]/3600)*(1+RC[-1])} -> 0 | P16: {=(IF(RC[-5]=R4C13,RC[-1]*RC[-4],R3C13*RC[-4])+(INDEX(_xlfn._xlws.FILTER('Service Duration by unit'!R1C4:R400C4,('Service Duration by unit'!R1C1:R400C1=RC[-3])*('Service Duration by unit'!R1C3:R400C3=_xlfn.MINIFS('Service Duration by unit'!R1C3:R400C3,'Service Duration by unit'!R1C1:R400C1,RC[-3],'Service Duration by unit'!R1C3:R400C3,">="&IF(RC[-5]=R4C13,RC[-1],R3C13)))),1))*RC[-2]/3600)*(1+RC[-1])} -> 0 | Q16: {=(IF(RC[-5]=R4C13,RC[-1]*RC[-4],R3C13*RC[-4])+(INDEX(_xlfn._xlws.FILTER('Service Duration by unit'!R1C4:R400C4,('Service Duration by unit'!R1C1:R400C1=RC[-3])*('Service Duration by unit'!R1C3:R400C3=_xlfn.MINIFS('Service Duration by unit'!R1C3:R400C3,'Service Duration by unit'!R1C1:R400C1,RC[-3],'Service Duration by unit'!R1C3:R400C3,">="&IF(RC[-5]=R4C13,RC[-1],R3C13)))),1))*RC[-2]/3600)*(1+RC[-1])} -> 0 | R16: {=(IF(RC[-5]=R4C13,RC[-1]*RC[-4],R3C13*RC[-4])+(INDEX(_xlfn._xlws.FILTER('Service Duration by unit'!R1C4:R400C4,('Service Duration by unit'!R1C1:R400C1=RC[-3])*('Service Duration by unit'!R1C3:R400C3=_xlfn.MINIFS('Service Duration by unit'!R1C3:R400C3,'Service Duration by unit'!R1C1:R400C1,RC[-3],'Service Duration by unit'!R1C3:R400C3,">="&IF(RC[-5]=R4C13,RC[-1],R3C13)))),1))*RC[-2]/3600)*(1+RC[-1])} -> 0 | S16: {=(IF(RC[-5]=R4C13,RC[-1]*RC[-4],R3C13*RC[-4])+(INDEX(_xlfn._xlws.FILTER('Service Duration by unit'!R1C4:R400C4,('Service Duration by unit'!R1C1:R400C1=RC[-3])*('Service Duration by unit'!R1C3:R400C3=_xlfn.MINIFS('Service Duration by unit'!R1C3:R400C3,'Service Duration by unit'!R1C1:R400C1,RC[-3],'Service Duration by unit'!R1C3:R400C3,">="&IF(RC[-5]=R4C13,RC[-1],R3C13)))),1))*RC[-2]/3600)*(1+RC[-1])} -> 0 | T16: {=(IF(RC[-5]=R4C13,RC[-1]*RC[-4],R3C13*RC[-4])+(INDEX(_xlfn._xlws.FILTER('Service Duration by unit'!R1C4:R400C4,('Service Duration by unit'!R1C1:R400C1=RC[-3])*('Service Duration by unit'!R1C3:R400C3=_xlfn.MINIFS('Service Duration by unit'!R1C3:R400C3,'Service Duration by unit'!R1C1:R400C1,RC[-3],'Service Duration by unit'!R1C3:R400C3,">="&IF(RC[-5]=R4C13,RC[-1],R3C13)))),1))*RC[-2]/3600)*(1+RC[-1])} -> 0 | U16: {=(IF(RC[-5]=R4C13,RC[-1]*RC[-4],R3C13*RC[-4])+(INDEX(_xlfn._xlws.FILTER('Service Duration by unit'!R1C4:R400C4,('Service Duration by unit'!R1C1:R400C1=RC[-3])*('Service Duration by unit'!R1C3:R400C3=_xlfn.MINIFS('Service Duration by unit'!R1C3:R400C3,'Service Duration by unit'!R1C1:R400C1,RC[-3],'Service Duration by unit'!R1C3:R400C3,">="&IF(RC[-5]=R4C13,RC[-1],R3C13)))),1))*RC[-2]/3600)*(1+RC[-1])} -> 0 | ... FF16: {=(IF(RC[-5]=R4C13,RC[-1]*RC[-4],R3C13*RC[-4])+(INDEX(_xlfn._xlws.FILTER('Service Duration by unit'!R1C4:R400C4,('Service Duration by unit'!R1C1:R400C1=RC[-3])*('Service Duration by unit'!R1C3:R400C3=_xlfn.MINIFS('Service Duration by unit'!R1C3:R400C3,'Service Duration by unit'!R1C1:R400C1,RC[-3],'Service Duration by unit'!R1C3:R400C3,">="&IF(RC[-5]=R4C13,RC[-1],R3C13)))),1))*RC[-2]/3600)*(1+RC[-1])} -> 0
N17: {=(IF(RC[-5]=R4C13,RC[-1]*RC[-4],R3C13*RC[-4])+(INDEX(_xlfn._xlws.FILTER('Service Duration by unit'!R1C4:R400C4,('Service Duration by unit'!R1C1:R400C1=RC[-3])*('Service Duration by unit'!R1C3:R400C3=_xlfn.MINIFS('Service Duration by unit'!R1C3:R400C3,'Service Duration by unit'!R1C1:R400C1,RC[-3],'Service Duration by unit'!R1C3:R400C3,">="&IF(RC[-5]=R4C13,RC[-1],R3C13)))),1))*RC[-2]/3600)*(1+RC[-1])} -> 0 | O17: {=(IF(RC[-5]=R4C13,RC[-1]*RC[-4],R3C13*RC[-4])+(INDEX(_xlfn._xlws.FILTER('Service Duration by unit'!R1C4:R400C4,('Service Duration by unit'!R1C1:R400C1=RC[-3])*('Service Duration by unit'!R1C3:R400C3=_xlfn.MINIFS('Service Duration by unit'!R1C3:R400C3,'Service Duration by unit'!R1C1:R400C1,RC[-3],'Service Duration by unit'!R1C3:R400C3,">="&IF(RC[-5]=R4C13,RC[-1],R3C13)))),1))*RC[-2]/3600)*(1+RC[-1])} -> 0 | P17: {=(IF(RC[-5]=R4C13,RC[-1]*RC[-4],R3C13*RC[-4])+(INDEX(_xlfn._xlws.FILTER('Service Duration by unit'!R1C4:R400C4,('Service Duration by unit'!R1C1:R400C1=RC[-3])*('Service Duration by unit'!R1C3:R400C3=_xlfn.MINIFS('Service Duration by unit'!R1C3:R400C3,'Service Duration by unit'!R1C1:R400C1,RC[-3],'Service Duration by unit'!R1C3:R400C3,">="&IF(RC[-5]=R4C13,RC[-1],R3C13)))),1))*RC[-2]/3600)*(1+RC[-1])} -> 0 | Q17: {=(IF(RC[-5]=R4C13,RC[-1]*RC[-4],R3C13*RC[-4])+(INDEX(_xlfn._xlws.FILTER('Service Duration by unit'!R1C4:R400C4,('Service Duration by unit'!R1C1:R400C1=RC[-3])*('Service Duration by unit'!R1C3:R400C3=_xlfn.MINIFS('Service Duration by unit'!R1C3:R400C3,'Service Duration by unit'!R1C1:R400C1,RC[-3],'Service Duration by unit'!R1C3:R400C3,">="&IF(RC[-5]=R4C13,RC[-1],R3C13)))),1))*RC[-2]/3600)*(1+RC[-1])} -> 0 | R17: {=(IF(RC[-5]=R4C13,RC[-1]*RC[-4],R3C13*RC[-4])+(INDEX(_xlfn._xlws.FILTER('Service Duration by unit'!R1C4:R400C4,('Service Duration by unit'!R1C1:R400C1=RC[-3])*('Service Duration by unit'!R1C3:R400C3=_xlfn.MINIFS('Service Duration by unit'!R1C3:R400C3,'Service Duration by unit'!R1C1:R400C1,RC[-3],'Service Duration by unit'!R1C3:R400C3,">="&IF(RC[-5]=R4C13,RC[-1],R3C13)))),1))*RC[-2]/3600)*(1+RC[-1])} -> 0 | S17: {=(IF(RC[-5]=R4C13,RC[-1]*RC[-4],R3C13*RC[-4])+(INDEX(_xlfn._xlws.FILTER('Service Duration by unit'!R1C4:R400C4,('Service Duration by unit'!R1C1:R400C1=RC[-3])*('Service Duration by unit'!R1C3:R400C3=_xlfn.MINIFS('Service Duration by unit'!R1C3:R400C3,'Service Duration by unit'!R1C1:R400C1,RC[-3],'Service Duration by unit'!R1C3:R400C3,">="&IF(RC[-5]=R4C13,RC[-1],R3C13)))),1))*RC[-2]/3600)*(1+RC[-1])} -> 0 | T17: {=(IF(RC[-5]=R4C13,RC[-1]*RC[-4],R3C13*RC[-4])+(INDEX(_xlfn._xlws.FILTER('Service Duration by unit'!R1C4:R400C4,('Service Duration by unit'!R1C1:R400C1=RC[-3])*('Service Duration by unit'!R1C3:R400C3=_xlfn.MINIFS('Service Duration by unit'!R1C3:R400C3,'Service Duration by unit'!R1C1:R400C1,RC[-3],'Service Duration by unit'!R1C3:R400C3,">="&IF(RC[-5]=R4C13,RC[-1],R3C13)))),1))*RC[-2]/3600)*(1+RC[-1])} -> 0 | U17: {=(IF(RC[-5]=R4C13,RC[-1]*RC[-4],R3C13*RC[-4])+(INDEX(_xlfn._xlws.FILTER('Service Duration by unit'!R1C4:R400C4,('Service Duration by unit'!R1C1:R400C1=RC[-3])*('Service Duration by unit'!R1C3:R400C3=_xlfn.MINIFS('Service Duration by unit'!R1C3:R400C3,'Service Duration by unit'!R1C1:R400C1,RC[-3],'Service Duration by unit'!R1C3:R400C3,">="&IF(RC[-5]=R4C13,RC[-1],R3C13)))),1))*RC[-2]/3600)*(1+RC[-1])} -> 0 | ... FF17: {=(IF(RC[-5]=R4C13,RC[-1]*RC[-4],R3C13*RC[-4])+(INDEX(_xlfn._xlws.FILTER('Service Duration by unit'!R1C4:R400C4,('Service Duration by unit'!R1C1:R400C1=RC[-3])*('Service Duration by unit'!R1C3:R400C3=_xlfn.MINIFS('Service Duration by unit'!R1C3:R400C3,'Service Duration by unit'!R1C1:R400C1,RC[-3],'Service Duration by unit'!R1C3:R400C3,">="&IF(RC[-5]=R4C13,RC[-1],R3C13)))),1))*RC[-2]/3600)*(1+RC[-1])} -> 0
N18: {=(IF(RC[-5]=R4C13,RC[-1]*RC[-4],R3C13*RC[-4])+(INDEX(_xlfn._xlws.FILTER('Service Duration by unit'!R1C4:R400C4,('Service Duration by unit'!R1C1:R400C1=RC[-3])*('Service Duration by unit'!R1C3:R400C3=_xlfn.MINIFS('Service Duration by unit'!R1C3:R400C3,'Service Duration by unit'!R1C1:R400C1,RC[-3],'Service Duration by unit'!R1C3:R400C3,">="&IF(RC[-5]=R4C13,RC[-1],R3C13)))),1))*RC[-2]/3600)*(1+RC[-1])} -> 0 | O18: {=(IF(RC[-5]=R4C13,RC[-1]*RC[-4],R3C13*RC[-4])+(INDEX(_xlfn._xlws.FILTER('Service Duration by unit'!R1C4:R400C4,('Service Duration by unit'!R1C1:R400C1=RC[-3])*('Service Duration by unit'!R1C3:R400C3=_xlfn.MINIFS('Service Duration by unit'!R1C3:R400C3,'Service Duration by unit'!R1C1:R400C1,RC[-3],'Service Duration by unit'!R1C3:R400C3,">="&IF(RC[-5]=R4C13,RC[-1],R3C13)))),1))*RC[-2]/3600)*(1+RC[-1])} -> 0 | P18: {=(IF(RC[-5]=R4C13,RC[-1]*RC[-4],R3C13*RC[-4])+(INDEX(_xlfn._xlws.FILTER('Service Duration by unit'!R1C4:R400C4,('Service Duration by unit'!R1C1:R400C1=RC[-3])*('Service Duration by unit'!R1C3:R400C3=_xlfn.MINIFS('Service Duration by unit'!R1C3:R400C3,'Service Duration by unit'!R1C1:R400C1,RC[-3],'Service Duration by unit'!R1C3:R400C3,">="&IF(RC[-5]=R4C13,RC[-1],R3C13)))),1))*RC[-2]/3600)*(1+RC[-1])} -> 0 | Q18: {=(IF(RC[-5]=R4C13,RC[-1]*RC[-4],R3C13*RC[-4])+(INDEX(_xlfn._xlws.FILTER('Service Duration by unit'!R1C4:R400C4,('Service Duration by unit'!R1C1:R400C1=RC[-3])*('Service Duration by unit'!R1C3:R400C3=_xlfn.MINIFS('Service Duration by unit'!R1C3:R400C3,'Service Duration by unit'!R1C1:R400C1,RC[-3],'Service Duration by unit'!R1C3:R400C3,">="&IF(RC[-5]=R4C13,RC[-1],R3C13)))),1))*RC[-2]/3600)*(1+RC[-1])} -> 0 | R18: {=(IF(RC[-5]=R4C13,RC[-1]*RC[-4],R3C13*RC[-4])+(INDEX(_xlfn._xlws.FILTER('Service Duration by unit'!R1C4:R400C4,('Service Duration by unit'!R1C1:R400C1=RC[-3])*('Service Duration by unit'!R1C3:R400C3=_xlfn.MINIFS('Service Duration by unit'!R1C3:R400C3,'Service Duration by unit'!R1C1:R400C1,RC[-3],'Service Duration by unit'!R1C3:R400C3,">="&IF(RC[-5]=R4C13,RC[-1],R3C13)))),1))*RC[-2]/3600)*(1+RC[-1])} -> 0 | S18: {=(IF(RC[-5]=R4C13,RC[-1]*RC[-4],R3C13*RC[-4])+(INDEX(_xlfn._xlws.FILTER('Service Duration by unit'!R1C4:R400C4,('Service Duration by unit'!R1C1:R400C1=RC[-3])*('Service Duration by unit'!R1C3:R400C3=_xlfn.MINIFS('Service Duration by unit'!R1C3:R400C3,'Service Duration by unit'!R1C1:R400C1,RC[-3],'Service Duration by unit'!R1C3:R400C3,">="&IF(RC[-5]=R4C13,RC[-1],R3C13)))),1))*RC[-2]/3600)*(1+RC[-1])} -> 0 | T18: {=(IF(RC[-5]=R4C13,RC[-1]*RC[-4],R3C13*RC[-4])+(INDEX(_xlfn._xlws.FILTER('Service Duration by unit'!R1C4:R400C4,('Service Duration by unit'!R1C1:R400C1=RC[-3])*('Service Duration by unit'!R1C3:R400C3=_xlfn.MINIFS('Service Duration by unit'!R1C3:R400C3,'Service Duration by unit'!R1C1:R400C1,RC[-3],'Service Duration by unit'!R1C3:R400C3,">="&IF(RC[-5]=R4C13,RC[-1],R3C13)))),1))*RC[-2]/3600)*(1+RC[-1])} -> 0 | U18: {=(IF(RC[-5]=R4C13,RC[-1]*RC[-4],R3C13*RC[-4])+(INDEX(_xlfn._xlws.FILTER('Service Duration by unit'!R1C4:R400C4,('Service Duration by unit'!R1C1:R400C1=RC[-3])*('Service Duration by unit'!R1C3:R400C3=_xlfn.MINIFS('Service Duration by unit'!R1C3:R400C3,'Service Duration by unit'!R1C1:R400C1,RC[-3],'Service Duration by unit'!R1C3:R400C3,">="&IF(RC[-5]=R4C13,RC[-1],R3C13)))),1))*RC[-2]/3600)*(1+RC[-1])} -> 0 | ... FF18: {=(IF(RC[-5]=R4C13,RC[-1]*RC[-4],R3C13*RC[-4])+(INDEX(_xlfn._xlws.FILTER('Service Duration by unit'!R1C4:R400C4,('Service Duration by unit'!R1C1:R400C1=RC[-3])*('Service Duration by unit'!R1C3:R400C3=_xlfn.MINIFS('Service Duration by unit'!R1C3:R400C3,'Service Duration by unit'!R1C1:R400C1,RC[-3],'Service Duration by unit'!R1C3:R400C3,">="&IF(RC[-5]=R4C13,RC[-1],R3C13)))),1))*RC[-2]/3600)*(1+RC[-1])} -> 0
N19: {=(IF(RC[-5]=R4C13,RC[-1]*RC[-4],R3C13*RC[-4])+(INDEX(_xlfn._xlws.FILTER('Service Duration by unit'!R1C4:R400C4,('Service Duration by unit'!R1C1:R400C1=RC[-3])*('Service Duration by unit'!R1C3:R400C3=_xlfn.MINIFS('Service Duration by unit'!R1C3:R400C3,'Service Duration by unit'!R1C1:R400C1,RC[-3],'Service Duration by unit'!R1C3:R400C3,">="&IF(RC[-5]=R4C13,RC[-1],R3C13)))),1))*RC[-2]/3600)*(1+RC[-1])} -> 0 | O19: {=(IF(RC[-5]=R4C13,RC[-1]*RC[-4],R3C13*RC[-4])+(INDEX(_xlfn._xlws.FILTER('Service Duration by unit'!R1C4:R400C4,('Service Duration by unit'!R1C1:R400C1=RC[-3])*('Service Duration by unit'!R1C3:R400C3=_xlfn.MINIFS('Service Duration by unit'!R1C3:R400C3,'Service Duration by unit'!R1C1:R400C1,RC[-3],'Service Duration by unit'!R1C3:R400C3,">="&IF(RC[-5]=R4C13,RC[-1],R3C13)))),1))*RC[-2]/3600)*(1+RC[-1])} -> 0 | P19: {=(IF(RC[-5]=R4C13,RC[-1]*RC[-4],R3C13*RC[-4])+(INDEX(_xlfn._xlws.FILTER('Service Duration by unit'!R1C4:R400C4,('Service Duration by unit'!R1C1:R400C1=RC[-3])*('Service Duration by unit'!R1C3:R400C3=_xlfn.MINIFS('Service Duration by unit'!R1C3:R400C3,'Service Duration by unit'!R1C1:R400C1,RC[-3],'Service Duration by unit'!R1C3:R400C3,">="&IF(RC[-5]=R4C13,RC[-1],R3C13)))),1))*RC[-2]/3600)*(1+RC[-1])} -> 0 | Q19: {=(IF(RC[-5]=R4C13,RC[-1]*RC[-4],R3C13*RC[-4])+(INDEX(_xlfn._xlws.FILTER('Service Duration by unit'!R1C4:R400C4,('Service Duration by unit'!R1C1:R400C1=RC[-3])*('Service Duration by unit'!R1C3:R400C3=_xlfn.MINIFS('Service Duration by unit'!R1C3:R400C3,'Service Duration by unit'!R1C1:R400C1,RC[-3],'Service Duration by unit'!R1C3:R400C3,">="&IF(RC[-5]=R4C13,RC[-1],R3C13)))),1))*RC[-2]/3600)*(1+RC[-1])} -> 0 | R19: {=(IF(RC[-5]=R4C13,RC[-1]*RC[-4],R3C13*RC[-4])+(INDEX(_xlfn._xlws.FILTER('Service Duration by unit'!R1C4:R400C4,('Service Duration by unit'!R1C1:R400C1=RC[-3])*('Service Duration by unit'!R1C3:R400C3=_xlfn.MINIFS('Service Duration by unit'!R1C3:R400C3,'Service Duration by unit'!R1C1:R400C1,RC[-3],'Service Duration by unit'!R1C3:R400C3,">="&IF(RC[-5]=R4C13,RC[-1],R3C13)))),1))*RC[-2]/3600)*(1+RC[-1])} -> 0 | S19: {=(IF(RC[-5]=R4C13,RC[-1]*RC[-4],R3C13*RC[-4])+(INDEX(_xlfn._xlws.FILTER('Service Duration by unit'!R1C4:R400C4,('Service Duration by unit'!R1C1:R400C1=RC[-3])*('Service Duration by unit'!R1C3:R400C3=_xlfn.MINIFS('Service Duration by unit'!R1C3:R400C3,'Service Duration by unit'!R1C1:R400C1,RC[-3],'Service Duration by unit'!R1C3:R400C3,">="&IF(RC[-5]=R4C13,RC[-1],R3C13)))),1))*RC[-2]/3600)*(1+RC[-1])} -> 0 | T19: {=(IF(RC[-5]=R4C13,RC[-1]*RC[-4],R3C13*RC[-4])+(INDEX(_xlfn._xlws.FILTER('Service Duration by unit'!R1C4:R400C4,('Service Duration by unit'!R1C1:R400C1=RC[-3])*('Service Duration by unit'!R1C3:R400C3=_xlfn.MINIFS('Service Duration by unit'!R1C3:R400C3,'Service Duration by unit'!R1C1:R400C1,RC[-3],'Service Duration by unit'!R1C3:R400C3,">="&IF(RC[-5]=R4C13,RC[-1],R3C13)))),1))*RC[-2]/3600)*(1+RC[-1])} -> 0 | U19: {=(IF(RC[-5]=R4C13,RC[-1]*RC[-4],R3C13*RC[-4])+(INDEX(_xlfn._xlws.FILTER('Service Duration by unit'!R1C4:R400C4,('Service Duration by unit'!R1C1:R400C1=RC[-3])*('Service Duration by unit'!R1C3:R400C3=_xlfn.MINIFS('Service Duration by unit'!R1C3:R400C3,'Service Duration by unit'!R1C1:R400C1,RC[-3],'Service Duration by unit'!R1C3:R400C3,">="&IF(RC[-5]=R4C13,RC[-1],R3C13)))),1))*RC[-2]/3600)*(1+RC[-1])} -> 0 | ... FF19: {=(IF(RC[-5]=R4C13,RC[-1]*RC[-4],R3C13*RC[-4])+(INDEX(_xlfn._xlws.FILTER('Service Duration by unit'!R1C4:R400C4,('Service Duration by unit'!R1C1:R400C1=RC[-3])*('Service Duration by unit'!R1C3:R400C3=_xlfn.MINIFS('Service Duration by unit'!R1C3:R400C3,'Service Duration by unit'!R1C1:R400C1,RC[-3],'Service Duration by unit'!R1C3:R400C3,">="&IF(RC[-5]=R4C13,RC[-1],R3C13)))),1))*RC[-2]/3600)*(1+RC[-1])} -> 0
N20: {=(IF(RC[-5]=R4C13,RC[-1]*RC[-4],R3C13*RC[-4])+(INDEX(_xlfn._xlws.FILTER('Service Duration by unit'!R1C4:R400C4,('Service Duration by unit'!R1C1:R400C1=RC[-3])*('Service Duration by unit'!R1C3:R400C3=_xlfn.MINIFS('Service Duration by unit'!R1C3:R400C3,'Service Duration by unit'!R1C1:R400C1,RC[-3],'Service Duration by unit'!R1C3:R400C3,">="&IF(RC[-5]=R4C13,RC[-1],R3C13)))),1))*RC[-2]/3600)*(1+RC[-1])} -> 0 | O20: {=(IF(RC[-5]=R4C13,RC[-1]*RC[-4],R3C13*RC[-4])+(INDEX(_xlfn._xlws.FILTER('Service Duration by unit'!R1C4:R400C4,('Service Duration by unit'!R1C1:R400C1=RC[-3])*('Service Duration by unit'!R1C3:R400C3=_xlfn.MINIFS('Service Duration by unit'!R1C3:R400C3,'Service Duration by unit'!R1C1:R400C1,RC[-3],'Service Duration by unit'!R1C3:R400C3,">="&IF(RC[-5]=R4C13,RC[-1],R3C13)))),1))*RC[-2]/3600)*(1+RC[-1])} -> 0 | P20: {=(IF(RC[-5]=R4C13,RC[-1]*RC[-4],R3C13*RC[-4])+(INDEX(_xlfn._xlws.FILTER('Service Duration by unit'!R1C4:R400C4,('Service Duration by unit'!R1C1:R400C1=RC[-3])*('Service Duration by unit'!R1C3:R400C3=_xlfn.MINIFS('Service Duration by unit'!R1C3:R400C3,'Service Duration by unit'!R1C1:R400C1,RC[-3],'Service Duration by unit'!R1C3:R400C3,">="&IF(RC[-5]=R4C13,RC[-1],R3C13)))),1))*RC[-2]/3600)*(1+RC[-1])} -> 0 | Q20: {=(IF(RC[-5]=R4C13,RC[-1]*RC[-4],R3C13*RC[-4])+(INDEX(_xlfn._xlws.FILTER('Service Duration by unit'!R1C4:R400C4,('Service Duration by unit'!R1C1:R400C1=RC[-3])*('Service Duration by unit'!R1C3:R400C3=_xlfn.MINIFS('Service Duration by unit'!R1C3:R400C3,'Service Duration by unit'!R1C1:R400C1,RC[-3],'Service Duration by unit'!R1C3:R400C3,">="&IF(RC[-5]=R4C13,RC[-1],R3C13)))),1))*RC[-2]/3600)*(1+RC[-1])} -> 0 | R20: {=(IF(RC[-5]=R4C13,RC[-1]*RC[-4],R3C13*RC[-4])+(INDEX(_xlfn._xlws.FILTER('Service Duration by unit'!R1C4:R400C4,('Service Duration by unit'!R1C1:R400C1=RC[-3])*('Service Duration by unit'!R1C3:R400C3=_xlfn.MINIFS('Service Duration by unit'!R1C3:R400C3,'Service Duration by unit'!R1C1:R400C1,RC[-3],'Service Duration by unit'!R1C3:R400C3,">="&IF(RC[-5]=R4C13,RC[-1],R3C13)))),1))*RC[-2]/3600)*(1+RC[-1])} -> 0 | S20: {=(IF(RC[-5]=R4C13,RC[-1]*RC[-4],R3C13*RC[-4])+(INDEX(_xlfn._xlws.FILTER('Service Duration by unit'!R1C4:R400C4,('Service Duration by unit'!R1C1:R400C1=RC[-3])*('Service Duration by unit'!R1C3:R400C3=_xlfn.MINIFS('Service Duration by unit'!R1C3:R400C3,'Service Duration by unit'!R1C1:R400C1,RC[-3],'Service Duration by unit'!R1C3:R400C3,">="&IF(RC[-5]=R4C13,RC[-1],R3C13)))),1))*RC[-2]/3600)*(1+RC[-1])} -> 0 | T20: {=(IF(RC[-5]=R4C13,RC[-1]*RC[-4],R3C13*RC[-4])+(INDEX(_xlfn._xlws.FILTER('Service Duration by unit'!R1C4:R400C4,('Service Duration by unit'!R1C1:R400C1=RC[-3])*('Service Duration by unit'!R1C3:R400C3=_xlfn.MINIFS('Service Duration by unit'!R1C3:R400C3,'Service Duration by unit'!R1C1:R400C1,RC[-3],'Service Duration by unit'!R1C3:R400C3,">="&IF(RC[-5]=R4C13,RC[-1],R3C13)))),1))*RC[-2]/3600)*(1+RC[-1])} -> 0 | U20: {=(IF(RC[-5]=R4C13,RC[-1]*RC[-4],R3C13*RC[-4])+(INDEX(_xlfn._xlws.FILTER('Service Duration by unit'!R1C4:R400C4,('Service Duration by unit'!R1C1:R400C1=RC[-3])*('Service Duration by unit'!R1C3:R400C3=_xlfn.MINIFS('Service Duration by unit'!R1C3:R400C3,'Service Duration by unit'!R1C1:R400C1,RC[-3],'Service Duration by unit'!R1C3:R400C3,">="&IF(RC[-5]=R4C13,RC[-1],R3C13)))),1))*RC[-2]/3600)*(1+RC[-1])} -> 0 | ... FF20: {=(IF(RC[-5]=R4C13,RC[-1]*RC[-4],R3C13*RC[-4])+(INDEX(_xlfn._xlws.FILTER('Service Duration by unit'!R1C4:R400C4,('Service Duration by unit'!R1C1:R400C1=RC[-3])*('Service Duration by unit'!R1C3:R400C3=_xlfn.MINIFS('Service Duration by unit'!R1C3:R400C3,'Service Duration by unit'!R1C1:R400C1,RC[-3],'Service Duration by unit'!R1C3:R400C3,">="&IF(RC[-5]=R4C13,RC[-1],R3C13)))),1))*RC[-2]/3600)*(1+RC[-1])} -> 0
... N50: {=(IF(RC[-5]=R4C13,RC[-1]*RC[-4],R3C13*RC[-4])+(INDEX(_xlfn._xlws.FILTER('Service Duration by unit'!R1C4:R400C4,('Service Duration by unit'!R1C1:R400C1=RC[-3])*('Service Duration by unit'!R1C3:R400C3=_xlfn.MINIFS('Service Duration by unit'!R1C3:R400C3,'Service Duration by unit'!R1C1:R400C1,RC[-3],'Service Duration by unit'!R1C3:R400C3,">="&IF(RC[-5]=R4C13,RC[-1],R3C13)))),1))*RC[-2]/3600)*(1+RC[-1])} -> 0 | O50: {=(IF(RC[-5]=R4C13,RC[-1]*RC[-4],R3C13*RC[-4])+(INDEX(_xlfn._xlws.FILTER('Service Duration by unit'!R1C4:R400C4,('Service Duration by unit'!R1C1:R400C1=RC[-3])*('Service Duration by unit'!R1C3:R400C3=_xlfn.MINIFS('Service Duration by unit'!R1C3:R400C3,'Service Duration by unit'!R1C1:R400C1,RC[-3],'Service Duration by unit'!R1C3:R400C3,">="&IF(RC[-5]=R4C13,RC[-1],R3C13)))),1))*RC[-2]/3600)*(1+RC[-1])} -> 0 | P50: {=(IF(RC[-5]=R4C13,RC[-1]*RC[-4],R3C13*RC[-4])+(INDEX(_xlfn._xlws.FILTER('Service Duration by unit'!R1C4:R400C4,('Service Duration by unit'!R1C1:R400C1=RC[-3])*('Service Duration by unit'!R1C3:R400C3=_xlfn.MINIFS('Service Duration by unit'!R1C3:R400C3,'Service Duration by unit'!R1C1:R400C1,RC[-3],'Service Duration by unit'!R1C3:R400C3,">="&IF(RC[-5]=R4C13,RC[-1],R3C13)))),1))*RC[-2]/3600)*(1+RC[-1])} -> 0 | Q50: {=(IF(RC[-5]=R4C13,RC[-1]*RC[-4],R3C13*RC[-4])+(INDEX(_xlfn._xlws.FILTER('Service Duration by unit'!R1C4:R400C4,('Service Duration by unit'!R1C1:R400C1=RC[-3])*('Service Duration by unit'!R1C3:R400C3=_xlfn.MINIFS('Service Duration by unit'!R1C3:R400C3,'Service Duration by unit'!R1C1:R400C1,RC[-3],'Service Duration by unit'!R1C3:R400C3,">="&IF(RC[-5]=R4C13,RC[-1],R3C13)))),1))*RC[-2]/3600)*(1+RC[-1])} -> 0 | R50: {=(IF(RC[-5]=R4C13,RC[-1]*RC[-4],R3C13*RC[-4])+(INDEX(_xlfn._xlws.FILTER('Service Duration by unit'!R1C4:R400C4,('Service Duration by unit'!R1C1:R400C1=RC[-3])*('Service Duration by unit'!R1C3:R400C3=_xlfn.MINIFS('Service Duration by unit'!R1C3:R400C3,'Service Duration by unit'!R1C1:R400C1,RC[-3],'Service Duration by unit'!R1C3:R400C3,">="&IF(RC[-5]=R4C13,RC[-1],R3C13)))),1))*RC[-2]/3600)*(1+RC[-1])} -> 0 | S50: {=(IF(RC[-5]=R4C13,RC[-1]*RC[-4],R3C13*RC[-4])+(INDEX(_xlfn._xlws.FILTER('Service Duration by unit'!R1C4:R400C4,('Service Duration by unit'!R1C1:R400C1=RC[-3])*('Service Duration by unit'!R1C3:R400C3=_xlfn.MINIFS('Service Duration by unit'!R1C3:R400C3,'Service Duration by unit'!R1C1:R400C1,RC[-3],'Service Duration by unit'!R1C3:R400C3,">="&IF(RC[-5]=R4C13,RC[-1],R3C13)))),1))*RC[-2]/3600)*(1+RC[-1])} -> 0 | T50: {=(IF(RC[-5]=R4C13,RC[-1]*RC[-4],R3C13*RC[-4])+(INDEX(_xlfn._xlws.FILTER('Service Duration by unit'!R1C4:R400C4,('Service Duration by unit'!R1C1:R400C1=RC[-3])*('Service Duration by unit'!R1C3:R400C3=_xlfn.MINIFS('Service Duration by unit'!R1C3:R400C3,'Service Duration by unit'!R1C1:R400C1,RC[-3],'Service Duration by unit'!R1C3:R400C3,">="&IF(RC[-5]=R4C13,RC[-1],R3C13)))),1))*RC[-2]/3600)*(1+RC[-1])} -> 0 | U50: {=(IF(RC[-5]=R4C13,RC[-1]*RC[-4],R3C13*RC[-4])+(INDEX(_xlfn._xlws.FILTER('Service Duration by unit'!R1C4:R400C4,('Service Duration by unit'!R1C1:R400C1=RC[-3])*('Service Duration by unit'!R1C3:R400C3=_xlfn.MINIFS('Service Duration by unit'!R1C3:R400C3,'Service Duration by unit'!R1C1:R400C1,RC[-3],'Service Duration by unit'!R1C3:R400C3,">="&IF(RC[-5]=R4C13,RC[-1],R3C13)))),1))*RC[-2]/3600)*(1+RC[-1])} -> 0 | ... FF50: {=(IF(RC[-5]=R4C13,RC[-1]*RC[-4],R3C13*RC[-4])+(INDEX(_xlfn._xlws.FILTER('Service Duration by unit'!R1C4:R400C4,('Service Duration by unit'!R1C1:R400C1=RC[-3])*('Service Duration by unit'!R1C3:R400C3=_xlfn.MINIFS('Service Duration by unit'!R1C3:R400C3,'Service Duration by unit'!R1C1:R400C1,RC[-3],'Service Duration by unit'!R1C3:R400C3,">="&IF(RC[-5]=R4C13,RC[-1],R3C13)))),1))*RC[-2]/3600)*(1+RC[-1])} -> 0

Sheet Products (List #10)
A1: Name
A2: "COLORBOX" BAKLIJST GROEN DONKERGRIJS 40X33
A3: "Altis" Baklijst Eik Fineer 38X25
A4: "Anilin" Ramin Donkerblauw 14/13
A5: "Aniline" Ramin Antraciet 14/13
A6: "Aniline" Ramin Antraciet 23/13
A7: "Aniline" Ramin Donkerblauw 23/13
A8: "Aniline" Ramin Donkergroen 14/13
A9: "Aniline" Ramin Donkergroen 23/13 | C9: Circumference | D9: 4.26 | E9: Lijst snijden | F9: Lijst snijden | G9: 40 | N9: {=(IF(RC[-5]=R4C13,RC[-1]*RC[-4],R3C13*RC[-4])+(INDEX(_xlfn._xlws.FILTER('Service Duration by unit'!R1C4:R400C4,('Service Duration by unit'!R1C1:R400C1=RC[-3])*('Service Duration by unit'!R1C3:R400C3=_xlfn.MINIFS('Service Duration by unit'!R1C3:R400C3,'Service Duration by unit'!R1C1:R400C1,RC[-3],'Service Duration by unit'!R1C3:R400C3,">="&IF(RC[-5]=R4C13,RC[-1],R3C13)))),1))*RC[-2]/3600)*(1+RC[-1])} -> 0 | O9: {=(IF(RC[-5]=R4C13,RC[-1]*RC[-4],R3C13*RC[-4])+(INDEX(_xlfn._xlws.FILTER('Service Duration by unit'!R1C4:R400C4,('Service Duration by unit'!R1C1:R400C1=RC[-3])*('Service Duration by unit'!R1C3:R400C3=_xlfn.MINIFS('Service Duration by unit'!R1C3:R400C3,'Service Duration by unit'!R1C1:R400C1,RC[-3],'Service Duration by unit'!R1C3:R400C3,">="&IF(RC[-5]=R4C13,RC[-1],R3C13)))),1))*RC[-2]/3600)*(1+RC[-1])} -> 0 | P9: {=(IF(RC[-5]=R4C13,RC[-1]*RC[-4],R3C13*RC[-4])+(INDEX(_xlfn._xlws.FILTER('Service Duration by unit'!R1C4:R400C4,('Service Duration by unit'!R1C1:R400C1=RC[-3])*('Service Duration by unit'!R1C3:R400C3=_xlfn.MINIFS('Service Duration by unit'!R1C3:R400C3,'Service Duration by unit'!R1C1:R400C1,RC[-3],'Service Duration by unit'!R1C3:R400C3,">="&IF(RC[-5]=R4C13,RC[-1],R3C13)))),1))*RC[-2]/3600)*(1+RC[-1])} -> 0 | Q9: {=(IF(RC[-5]=R4C13,RC[-1]*RC[-4],R3C13*RC[-4])+(INDEX(_xlfn._xlws.FILTER('Service Duration by unit'!R1C4:R400C4,('Service Duration by unit'!R1C1:R400C1=RC[-3])*('Service Duration by unit'!R1C3:R400C3=_xlfn.MINIFS('Service Duration by unit'!R1C3:R400C3,'Service Duration by unit'!R1C1:R400C1,RC[-3],'Service Duration by unit'!R1C3:R400C3,">="&IF(RC[-5]=R4C13,RC[-1],R3C13)))),1))*RC[-2]/3600)*(1+RC[-1])} -> 0 | R9: {=(IF(RC[-5]=R4C13,RC[-1]*RC[-4],R3C13*RC[-4])+(INDEX(_xlfn._xlws.FILTER('Service Duration by unit'!R1C4:R400C4,('Service Duration by unit'!R1C1:R400C1=RC[-3])*('Service Duration by unit'!R1C3:R400C3=_xlfn.MINIFS('Service Duration by unit'!R1C3:R400C3,'Service Duration by unit'!R1C1:R400C1,RC[-3],'Service Duration by unit'!R1C3:R400C3,">="&IF(RC[-5]=R4C13,RC[-1],R3C13)))),1))*RC[-2]/3600)*(1+RC[-1])} -> 0 | S9: {=(IF(RC[-5]=R4C13,RC[-1]*RC[-4],R3C13*RC[-4])+(INDEX(_xlfn._xlws.FILTER('Service Duration by unit'!R1C4:R400C4,('Service Duration by unit'!R1C1:R400C1=RC[-3])*('Service Duration by unit'!R1C3:R400C3=_xlfn.MINIFS('Service Duration by unit'!R1C3:R400C3,'Service Duration by unit'!R1C1:R400C1,RC[-3],'Service Duration by unit'!R1C3:R400C3,">="&IF(RC[-5]=R4C13,RC[-1],R3C13)))),1))*RC[-2]/3600)*(1+RC[-1])} -> 0 | T9: {=(IF(RC[-5]=R4C13,RC[-1]*RC[-4],R3C13*RC[-4])+(INDEX(_xlfn._xlws.FILTER('Service Duration by unit'!R1C4:R400C4,('Service Duration by unit'!R1C1:R400C1=RC[-3])*('Service Duration by unit'!R1C3:R400C3=_xlfn.MINIFS('Service Duration by unit'!R1C3:R400C3,'Service Duration by unit'!R1C1:R400C1,RC[-3],'Service Duration by unit'!R1C3:R400C3,">="&IF(RC[-5]=R4C13,RC[-1],R3C13)))),1))*RC[-2]/3600)*(1+RC[-1])} -> 0 | U9: {=(IF(RC[-5]=R4C13,RC[-1]*RC[-4],R3C13*RC[-4])+(INDEX(_xlfn._xlws.FILTER('Service Duration by unit'!R1C4:R400C4,('Service Duration by unit'!R1C1:R400C1=RC[-3])*('Service Duration by unit'!R1C3:R400C3=_xlfn.MINIFS('Service Duration by unit'!R1C3:R400C3,'Service Duration by unit'!R1C1:R400C1,RC[-3],'Service Duration by unit'!R1C3:R400C3,">="&IF(RC[-5]=R4C13,RC[-1],R3C13)))),1))*RC[-2]/3600)*(1+RC[-1])} -> 0 | ... FF9: {=(IF(RC[-5]=R4C13,RC[-1]*RC[-4],R3C13*RC[-4])+(INDEX(_xlfn._xlws.FILTER('Service Duration by unit'!R1C4:R400C4,('Service Duration by unit'!R1C1:R400C1=RC[-3])*('Service Duration by unit'!R1C3:R400C3=_xlfn.MINIFS('Service Duration by unit'!R1C3:R400C3,'Service Duration by unit'!R1C1:R400C1,RC[-3],'Service Duration by unit'!R1C3:R400C3,">="&IF(RC[-5]=R4C13,RC[-1],R3C13)))),1))*RC[-2]/3600)*(1+RC[-1])} -> 0
N10: {=(IF(RC[-5]=R4C13,RC[-1]*RC[-4],R3C13*RC[-4])+(INDEX(_xlfn._xlws.FILTER('Service Duration by unit'!R1C4:R400C4,('Service Duration by unit'!R1C1:R400C1=RC[-3])*('Service Duration by unit'!R1C3:R400C3=_xlfn.MINIFS('Service Duration by unit'!R1C3:R400C3,'Service Duration by unit'!R1C1:R400C1,RC[-3],'Service Duration by unit'!R1C3:R400C3,">="&IF(RC[-5]=R4C13,RC[-1],R3C13)))),1))*RC[-2]/3600)*(1+RC[-1])} -> 0 | O10: {=(IF(RC[-5]=R4C13,RC[-1]*RC[-4],R3C13*RC[-4])+(INDEX(_xlfn._xlws.FILTER('Service Duration by unit'!R1C4:R400C4,('Service Duration by unit'!R1C1:R400C1=RC[-3])*('Service Duration by unit'!R1C3:R400C3=_xlfn.MINIFS('Service Duration by unit'!R1C3:R400C3,'Service Duration by unit'!R1C1:R400C1,RC[-3],'Service Duration by unit'!R1C3:R400C3,">="&IF(RC[-5]=R4C13,RC[-1],R3C13)))),1))*RC[-2]/3600)*(1+RC[-1])} -> 0 | P10: {=(IF(RC[-5]=R4C13,RC[-1]*RC[-4],R3C13*RC[-4])+(INDEX(_xlfn._xlws.FILTER('Service Duration by unit'!R1C4:R400C4,('Service Duration by unit'!R1C1:R400C1=RC[-3])*('Service Duration by unit'!R1C3:R400C3=_xlfn.MINIFS('Service Duration by unit'!R1C3:R400C3,'Service Duration by unit'!R1C1:R400C1,RC[-3],'Service Duration by unit'!R1C3:R400C3,">="&IF(RC[-5]=R4C13,RC[-1],R3C13)))),1))*RC[-2]/3600)*(1+RC[-1])} -> 0 | Q10: {=(IF(RC[-5]=R4C13,RC[-1]*RC[-4],R3C13*RC[-4])+(INDEX(_xlfn._xlws.FILTER('Service Duration by unit'!R1C4:R400C4,('Service Duration by unit'!R1C1:R400C1=RC[-3])*('Service Duration by unit'!R1C3:R400C3=_xlfn.MINIFS('Service Duration by unit'!R1C3:R400C3,'Service Duration by unit'!R1C1:R400C1,RC[-3],'Service Duration by unit'!R1C3:R400C3,">="&IF(RC[-5]=R4C13,RC[-1],R3C13)))),1))*RC[-2]/3600)*(1+RC[-1])} -> 0 | R10: {=(IF(RC[-5]=R4C13,RC[-1]*RC[-4],R3C13*RC[-4])+(INDEX(_xlfn._xlws.FILTER('Service Duration by unit'!R1C4:R400C4,('Service Duration by unit'!R1C1:R400C1=RC[-3])*('Service Duration by unit'!R1C3:R400C3=_xlfn.MINIFS('Service Duration by unit'!R1C3:R400C3,'Service Duration by unit'!R1C1:R400C1,RC[-3],'Service Duration by unit'!R1C3:R400C3,">="&IF(RC[-5]=R4C13,RC[-1],R3C13)))),1))*RC[-2]/3600)*(1+RC[-1])} -> 0 | S10: {=(IF(RC[-5]=R4C13,RC[-1]*RC[-4],R3C13*RC[-4])+(INDEX(_xlfn._xlws.FILTER('Service Duration by unit'!R1C4:R400C4,('Service Duration by unit'!R1C1:R400C1=RC[-3])*('Service Duration by unit'!R1C3:R400C3=_xlfn.MINIFS('Service Duration by unit'!R1C3:R400C3,'Service Duration by unit'!R1C1:R400C1,RC[-3],'Service Duration by unit'!R1C3:R400C3,">="&IF(RC[-5]=R4C13,RC[-1],R3C13)))),1))*RC[-2]/3600)*(1+RC[-1])} -> 0 | T10: {=(IF(RC[-5]=R4C13,RC[-1]*RC[-4],R3C13*RC[-4])+(INDEX(_xlfn._xlws.FILTER('Service Duration by unit'!R1C4:R400C4,('Service Duration by unit'!R1C1:R400C1=RC[-3])*('Service Duration by unit'!R1C3:R400C3=_xlfn.MINIFS('Service Duration by unit'!R1C3:R400C3,'Service Duration by unit'!R1C1:R400C1,RC[-3],'Service Duration by unit'!R1C3:R400C3,">="&IF(RC[-5]=R4C13,RC[-1],R3C13)))),1))*RC[-2]/3600)*(1+RC[-1])} -> 0 | U10: {=(IF(RC[-5]=R4C13,RC[-1]*RC[-4],R3C13*RC[-4])+(INDEX(_xlfn._xlws.FILTER('Service Duration by unit'!R1C4:R400C4,('Service Duration by unit'!R1C1:R400C1=RC[-3])*('Service Duration by unit'!R1C3:R400C3=_xlfn.MINIFS('Service Duration by unit'!R1C3:R400C3,'Service Duration by unit'!R1C1:R400C1,RC[-3],'Service Duration by unit'!R1C3:R400C3,">="&IF(RC[-5]=R4C13,RC[-1],R3C13)))),1))*RC[-2]/3600)*(1+RC[-1])} -> 0 | ... FF10: {=(IF(RC[-5]=R4C13,RC[-1]*RC[-4],R3C13*RC[-4])+(INDEX(_xlfn._xlws.FILTER('Service Duration by unit'!R1C4:R400C4,('Service Duration by unit'!R1C1:R400C1=RC[-3])*('Service Duration by unit'!R1C3:R400C3=_xlfn.MINIFS('Service Duration by unit'!R1C3:R400C3,'Service Duration by unit'!R1C1:R400C1,RC[-3],'Service Duration by unit'!R1C3:R400C3,">="&IF(RC[-5]=R4C13,RC[-1],R3C13)))),1))*RC[-2]/3600)*(1+RC[-1])} -> 0
N11: {=(IF(RC[-5]=R4C13,RC[-1]*RC[-4],R3C13*RC[-4])+(INDEX(_xlfn._xlws.FILTER('Service Duration by unit'!R1C4:R400C4,('Service Duration by unit'!R1C1:R400C1=RC[-3])*('Service Duration by unit'!R1C3:R400C3=_xlfn.MINIFS('Service Duration by unit'!R1C3:R400C3,'Service Duration by unit'!R1C1:R400C1,RC[-3],'Service Duration by unit'!R1C3:R400C3,">="&IF(RC[-5]=R4C13,RC[-1],R3C13)))),1))*RC[-2]/3600)*(1+RC[-1])} -> 0 | O11: {=(IF(RC[-5]=R4C13,RC[-1]*RC[-4],R3C13*RC[-4])+(INDEX(_xlfn._xlws.FILTER('Service Duration by unit'!R1C4:R400C4,('Service Duration by unit'!R1C1:R400C1=RC[-3])*('Service Duration by unit'!R1C3:R400C3=_xlfn.MINIFS('Service Duration by unit'!R1C3:R400C3,'Service Duration by unit'!R1C1:R400C1,RC[-3],'Service Duration by unit'!R1C3:R400C3,">="&IF(RC[-5]=R4C13,RC[-1],R3C13)))),1))*RC[-2]/3600)*(1+RC[-1])} -> 0 | P11: {=(IF(RC[-5]=R4C13,RC[-1]*RC[-4],R3C13*RC[-4])+(INDEX(_xlfn._xlws.FILTER('Service Duration by unit'!R1C4:R400C4,('Service Duration by unit'!R1C1:R400C1=RC[-3])*('Service Duration by unit'!R1C3:R400C3=_xlfn.MINIFS('Service Duration by unit'!R1C3:R400C3,'Service Duration by unit'!R1C1:R400C1,RC[-3],'Service Duration by unit'!R1C3:R400C3,">="&IF(RC[-5]=R4C13,RC[-1],R3C13)))),1))*RC[-2]/3600)*(1+RC[-1])} -> 0 | Q11: {=(IF(RC[-5]=R4C13,RC[-1]*RC[-4],R3C13*RC[-4])+(INDEX(_xlfn._xlws.FILTER('Service Duration by unit'!R1C4:R400C4,('Service Duration by unit'!R1C1:R400C1=RC[-3])*('Service Duration by unit'!R1C3:R400C3=_xlfn.MINIFS('Service Duration by unit'!R1C3:R400C3,'Service Duration by unit'!R1C1:R400C1,RC[-3],'Service Duration by unit'!R1C3:R400C3,">="&IF(RC[-5]=R4C13,RC[-1],R3C13)))),1))*RC[-2]/3600)*(1+RC[-1])} -> 0 | R11: {=(IF(RC[-5]=R4C13,RC[-1]*RC[-4],R3C13*RC[-4])+(INDEX(_xlfn._xlws.FILTER('Service Duration by unit'!R1C4:R400C4,('Service Duration by unit'!R1C1:R400C1=RC[-3])*('Service Duration by unit'!R1C3:R400C3=_xlfn.MINIFS('Service Duration by unit'!R1C3:R400C3,'Service Duration by unit'!R1C1:R400C1,RC[-3],'Service Duration by unit'!R1C3:R400C3,">="&IF(RC[-5]=R4C13,RC[-1],R3C13)))),1))*RC[-2]/3600)*(1+RC[-1])} -> 0 | S11: {=(IF(RC[-5]=R4C13,RC[-1]*RC[-4],R3C13*RC[-4])+(INDEX(_xlfn._xlws.FILTER('Service Duration by unit'!R1C4:R400C4,('Service Duration by unit'!R1C1:R400C1=RC[-3])*('Service Duration by unit'!R1C3:R400C3=_xlfn.MINIFS('Service Duration by unit'!R1C3:R400C3,'Service Duration by unit'!R1C1:R400C1,RC[-3],'Service Duration by unit'!R1C3:R400C3,">="&IF(RC[-5]=R4C13,RC[-1],R3C13)))),1))*RC[-2]/3600)*(1+RC[-1])} -> 0 | T11: {=(IF(RC[-5]=R4C13,RC[-1]*RC[-4],R3C13*RC[-4])+(INDEX(_xlfn._xlws.FILTER('Service Duration by unit'!R1C4:R400C4,('Service Duration by unit'!R1C1:R400C1=RC[-3])*('Service Duration by unit'!R1C3:R400C3=_xlfn.MINIFS('Service Duration by unit'!R1C3:R400C3,'Service Duration by unit'!R1C1:R400C1,RC[-3],'Service Duration by unit'!R1C3:R400C3,">="&IF(RC[-5]=R4C13,RC[-1],R3C13)))),1))*RC[-2]/3600)*(1+RC[-1])} -> 0 | U11: {=(IF(RC[-5]=R4C13,RC[-1]*RC[-4],R3C13*RC[-4])+(INDEX(_xlfn._xlws.FILTER('Service Duration by unit'!R1C4:R400C4,('Service Duration by unit'!R1C1:R400C1=RC[-3])*('Service Duration by unit'!R1C3:R400C3=_xlfn.MINIFS('Service Duration by unit'!R1C3:R400C3,'Service Duration by unit'!R1C1:R400C1,RC[-3],'Service Duration by unit'!R1C3:R400C3,">="&IF(RC[-5]=R4C13,RC[-1],R3C13)))),1))*RC[-2]/3600)*(1+RC[-1])} -> 0 | ... FF11: {=(IF(RC[-5]=R4C13,RC[-1]*RC[-4],R3C13*RC[-4])+(INDEX(_xlfn._xlws.FILTER('Service Duration by unit'!R1C4:R400C4,('Service Duration by unit'!R1C1:R400C1=RC[-3])*('Service Duration by unit'!R1C3:R400C3=_xlfn.MINIFS('Service Duration by unit'!R1C3:R400C3,'Service Duration by unit'!R1C1:R400C1,RC[-3],'Service Duration by unit'!R1C3:R400C3,">="&IF(RC[-5]=R4C13,RC[-1],R3C13)))),1))*RC[-2]/3600)*(1+RC[-1])} -> 0
N12: {=(IF(RC[-5]=R4C13,RC[-1]*RC[-4],R3C13*RC[-4])+(INDEX(_xlfn._xlws.FILTER('Service Duration by unit'!R1C4:R400C4,('Service Duration by unit'!R1C1:R400C1=RC[-3])*('Service Duration by unit'!R1C3:R400C3=_xlfn.MINIFS('Service Duration by unit'!R1C3:R400C3,'Service Duration by unit'!R1C1:R400C1,RC[-3],'Service Duration by unit'!R1C3:R400C3,">="&IF(RC[-5]=R4C13,RC[-1],R3C13)))),1))*RC[-2]/3600)*(1+RC[-1])} -> 0 | O12: {=(IF(RC[-5]=R4C13,RC[-1]*RC[-4],R3C13*RC[-4])+(INDEX(_xlfn._xlws.FILTER('Service Duration by unit'!R1C4:R400C4,('Service Duration by unit'!R1C1:R400C1=RC[-3])*('Service Duration by unit'!R1C3:R400C3=_xlfn.MINIFS('Service Duration by unit'!R1C3:R400C3,'Service Duration by unit'!R1C1:R400C1,RC[-3],'Service Duration by unit'!R1C3:R400C3,">="&IF(RC[-5]=R4C13,RC[-1],R3C13)))),1))*RC[-2]/3600)*(1+RC[-1])} -> 0 | P12: {=(IF(RC[-5]=R4C13,RC[-1]*RC[-4],R3C13*RC[-4])+(INDEX(_xlfn._xlws.FILTER('Service Duration by unit'!R1C4:R400C4,('Service Duration by unit'!R1C1:R400C1=RC[-3])*('Service Duration by unit'!R1C3:R400C3=_xlfn.MINIFS('Service Duration by unit'!R1C3:R400C3,'Service Duration by unit'!R1C1:R400C1,RC[-3],'Service Duration by unit'!R1C3:R400C3,">="&IF(RC[-5]=R4C13,RC[-1],R3C13)))),1))*RC[-2]/3600)*(1+RC[-1])} -> 0 | Q12: {=(IF(RC[-5]=R4C13,RC[-1]*RC[-4],R3C13*RC[-4])+(INDEX(_xlfn._xlws.FILTER('Service Duration by unit'!R1C4:R400C4,('Service Duration by unit'!R1C1:R400C1=RC[-3])*('Service Duration by unit'!R1C3:R400C3=_xlfn.MINIFS('Service Duration by unit'!R1C3:R400C3,'Service Duration by unit'!R1C1:R400C1,RC[-3],'Service Duration by unit'!R1C3:R400C3,">="&IF(RC[-5]=R4C13,RC[-1],R3C13)))),1))*RC[-2]/3600)*(1+RC[-1])} -> 0 | R12: {=(IF(RC[-5]=R4C13,RC[-1]*RC[-4],R3C13*RC[-4])+(INDEX(_xlfn._xlws.FILTER('Service Duration by unit'!R1C4:R400C4,('Service Duration by unit'!R1C1:R400C1=RC[-3])*('Service Duration by unit'!R1C3:R400C3=_xlfn.MINIFS('Service Duration by unit'!R1C3:R400C3,'Service Duration by unit'!R1C1:R400C1,RC[-3],'Service Duration by unit'!R1C3:R400C3,">="&IF(RC[-5]=R4C13,RC[-1],R3C13)))),1))*RC[-2]/3600)*(1+RC[-1])} -> 0 | S12: {=(IF(RC[-5]=R4C13,RC[-1]*RC[-4],R3C13*RC[-4])+(INDEX(_xlfn._xlws.FILTER('Service Duration by unit'!R1C4:R400C4,('Service Duration by unit'!R1C1:R400C1=RC[-3])*('Service Duration by unit'!R1C3:R400C3=_xlfn.MINIFS('Service Duration by unit'!R1C3:R400C3,'Service Duration by unit'!R1C1:R400C1,RC[-3],'Service Duration by unit'!R1C3:R400C3,">="&IF(RC[-5]=R4C13,RC[-1],R3C13)))),1))*RC[-2]/3600)*(1+RC[-1])} -> 0 | T12: {=(IF(RC[-5]=R4C13,RC[-1]*RC[-4],R3C13*RC[-4])+(INDEX(_xlfn._xlws.FILTER('Service Duration by unit'!R1C4:R400C4,('Service Duration by unit'!R1C1:R400C1=RC[-3])*('Service Duration by unit'!R1C3:R400C3=_xlfn.MINIFS('Service Duration by unit'!R1C3:R400C3,'Service Duration by unit'!R1C1:R400C1,RC[-3],'Service Duration by unit'!R1C3:R400C3,">="&IF(RC[-5]=R4C13,RC[-1],R3C13)))),1))*RC[-2]/3600)*(1+RC[-1])} -> 0 | U12: {=(IF(RC[-5]=R4C13,RC[-1]*RC[-4],R3C13*RC[-4])+(INDEX(_xlfn._xlws.FILTER('Service Duration by unit'!R1C4:R400C4,('Service Duration by unit'!R1C1:R400C1=RC[-3])*('Service Duration by unit'!R1C3:R400C3=_xlfn.MINIFS('Service Duration by unit'!R1C3:R400C3,'Service Duration by unit'!R1C1:R400C1,RC[-3],'Service Duration by unit'!R1C3:R400C3,">="&IF(RC[-5]=R4C13,RC[-1],R3C13)))),1))*RC[-2]/3600)*(1+RC[-1])} -> 0 | ... FF12: {=(IF(RC[-5]=R4C13,RC[-1]*RC[-4],R3C13*RC[-4])+(INDEX(_xlfn._xlws.FILTER('Service Duration by unit'!R1C4:R400C4,('Service Duration by unit'!R1C1:R400C1=RC[-3])*('Service Duration by unit'!R1C3:R400C3=_xlfn.MINIFS('Service Duration by unit'!R1C3:R400C3,'Service Duration by unit'!R1C1:R400C1,RC[-3],'Service Duration by unit'!R1C3:R400C3,">="&IF(RC[-5]=R4C13,RC[-1],R3C13)))),1))*RC[-2]/3600)*(1+RC[-1])} -> 0
N13: {=(IF(RC[-5]=R4C13,RC[-1]*RC[-4],R3C13*RC[-4])+(INDEX(_xlfn._xlws.FILTER('Service Duration by unit'!R1C4:R400C4,('Service Duration by unit'!R1C1:R400C1=RC[-3])*('Service Duration by unit'!R1C3:R400C3=_xlfn.MINIFS('Service Duration by unit'!R1C3:R400C3,'Service Duration by unit'!R1C1:R400C1,RC[-3],'Service Duration by unit'!R1C3:R400C3,">="&IF(RC[-5]=R4C13,RC[-1],R3C13)))),1))*RC[-2]/3600)*(1+RC[-1])} -> 0 | O13: {=(IF(RC[-5]=R4C13,RC[-1]*RC[-4],R3C13*RC[-4])+(INDEX(_xlfn._xlws.FILTER('Service Duration by unit'!R1C4:R400C4,('Service Duration by unit'!R1C1:R400C1=RC[-3])*('Service Duration by unit'!R1C3:R400C3=_xlfn.MINIFS('Service Duration by unit'!R1C3:R400C3,'Service Duration by unit'!R1C1:R400C1,RC[-3],'Service Duration by unit'!R1C3:R400C3,">="&IF(RC[-5]=R4C13,RC[-1],R3C13)))),1))*RC[-2]/3600)*(1+RC[-1])} -> 0 | P13: {=(IF(RC[-5]=R4C13,RC[-1]*RC[-4],R3C13*RC[-4])+(INDEX(_xlfn._xlws.FILTER('Service Duration by unit'!R1C4:R400C4,('Service Duration by unit'!R1C1:R400C1=RC[-3])*('Service Duration by unit'!R1C3:R400C3=_xlfn.MINIFS('Service Duration by unit'!R1C3:R400C3,'Service Duration by unit'!R1C1:R400C1,RC[-3],'Service Duration by unit'!R1C3:R400C3,">="&IF(RC[-5]=R4C13,RC[-1],R3C13)))),1))*RC[-2]/3600)*(1+RC[-1])} -> 0 | Q13: {=(IF(RC[-5]=R4C13,RC[-1]*RC[-4],R3C13*RC[-4])+(INDEX(_xlfn._xlws.FILTER('Service Duration by unit'!R1C4:R400C4,('Service Duration by unit'!R1C1:R400C1=RC[-3])*('Service Duration by unit'!R1C3:R400C3=_xlfn.MINIFS('Service Duration by unit'!R1C3:R400C3,'Service Duration by unit'!R1C1:R400C1,RC[-3],'Service Duration by unit'!R1C3:R400C3,">="&IF(RC[-5]=R4C13,RC[-1],R3C13)))),1))*RC[-2]/3600)*(1+RC[-1])} -> 0 | R13: {=(IF(RC[-5]=R4C13,RC[-1]*RC[-4],R3C13*RC[-4])+(INDEX(_xlfn._xlws.FILTER('Service Duration by unit'!R1C4:R400C4,('Service Duration by unit'!R1C1:R400C1=RC[-3])*('Service Duration by unit'!R1C3:R400C3=_xlfn.MINIFS('Service Duration by unit'!R1C3:R400C3,'Service Duration by unit'!R1C1:R400C1,RC[-3],'Service Duration by unit'!R1C3:R400C3,">="&IF(RC[-5]=R4C13,RC[-1],R3C13)))),1))*RC[-2]/3600)*(1+RC[-1])} -> 0 | S13: {=(IF(RC[-5]=R4C13,RC[-1]*RC[-4],R3C13*RC[-4])+(INDEX(_xlfn._xlws.FILTER('Service Duration by unit'!R1C4:R400C4,('Service Duration by unit'!R1C1:R400C1=RC[-3])*('Service Duration by unit'!R1C3:R400C3=_xlfn.MINIFS('Service Duration by unit'!R1C3:R400C3,'Service Duration by unit'!R1C1:R400C1,RC[-3],'Service Duration by unit'!R1C3:R400C3,">="&IF(RC[-5]=R4C13,RC[-1],R3C13)))),1))*RC[-2]/3600)*(1+RC[-1])} -> 0 | T13: {=(IF(RC[-5]=R4C13,RC[-1]*RC[-4],R3C13*RC[-4])+(INDEX(_xlfn._xlws.FILTER('Service Duration by unit'!R1C4:R400C4,('Service Duration by unit'!R1C1:R400C1=RC[-3])*('Service Duration by unit'!R1C3:R400C3=_xlfn.MINIFS('Service Duration by unit'!R1C3:R400C3,'Service Duration by unit'!R1C1:R400C1,RC[-3],'Service Duration by unit'!R1C3:R400C3,">="&IF(RC[-5]=R4C13,RC[-1],R3C13)))),1))*RC[-2]/3600)*(1+RC[-1])} -> 0 | U13: {=(IF(RC[-5]=R4C13,RC[-1]*RC[-4],R3C13*RC[-4])+(INDEX(_xlfn._xlws.FILTER('Service Duration by unit'!R1C4:R400C4,('Service Duration by unit'!R1C1:R400C1=RC[-3])*('Service Duration by unit'!R1C3:R400C3=_xlfn.MINIFS('Service Duration by unit'!R1C3:R400C3,'Service Duration by unit'!R1C1:R400C1,RC[-3],'Service Duration by unit'!R1C3:R400C3,">="&IF(RC[-5]=R4C13,RC[-1],R3C13)))),1))*RC[-2]/3600)*(1+RC[-1])} -> 0 | ... FF13: {=(IF(RC[-5]=R4C13,RC[-1]*RC[-4],R3C13*RC[-4])+(INDEX(_xlfn._xlws.FILTER('Service Duration by unit'!R1C4:R400C4,('Service Duration by unit'!R1C1:R400C1=RC[-3])*('Service Duration by unit'!R1C3:R400C3=_xlfn.MINIFS('Service Duration by unit'!R1C3:R400C3,'Service Duration by unit'!R1C1:R400C1,RC[-3],'Service Duration by unit'!R1C3:R400C3,">="&IF(RC[-5]=R4C13,RC[-1],R3C13)))),1))*RC[-2]/3600)*(1+RC[-1])} -> 0
N14: {=(IF(RC[-5]=R4C13,RC[-1]*RC[-4],R3C13*RC[-4])+(INDEX(_xlfn._xlws.FILTER('Service Duration by unit'!R1C4:R400C4,('Service Duration by unit'!R1C1:R400C1=RC[-3])*('Service Duration by unit'!R1C3:R400C3=_xlfn.MINIFS('Service Duration by unit'!R1C3:R400C3,'Service Duration by unit'!R1C1:R400C1,RC[-3],'Service Duration by unit'!R1C3:R400C3,">="&IF(RC[-5]=R4C13,RC[-1],R3C13)))),1))*RC[-2]/3600)*(1+RC[-1])} -> 0 | O14: {=(IF(RC[-5]=R4C13,RC[-1]*RC[-4],R3C13*RC[-4])+(INDEX(_xlfn._xlws.FILTER('Service Duration by unit'!R1C4:R400C4,('Service Duration by unit'!R1C1:R400C1=RC[-3])*('Service Duration by unit'!R1C3:R400C3=_xlfn.MINIFS('Service Duration by unit'!R1C3:R400C3,'Service Duration by unit'!R1C1:R400C1,RC[-3],'Service Duration by unit'!R1C3:R400C3,">="&IF(RC[-5]=R4C13,RC[-1],R3C13)))),1))*RC[-2]/3600)*(1+RC[-1])} -> 0 | P14: {=(IF(RC[-5]=R4C13,RC[-1]*RC[-4],R3C13*RC[-4])+(INDEX(_xlfn._xlws.FILTER('Service Duration by unit'!R1C4:R400C4,('Service Duration by unit'!R1C1:R400C1=RC[-3])*('Service Duration by unit'!R1C3:R400C3=_xlfn.MINIFS('Service Duration by unit'!R1C3:R400C3,'Service Duration by unit'!R1C1:R400C1,RC[-3],'Service Duration by unit'!R1C3:R400C3,">="&IF(RC[-5]=R4C13,RC[-1],R3C13)))),1))*RC[-2]/3600)*(1+RC[-1])} -> 0 | Q14: {=(IF(RC[-5]=R4C13,RC[-1]*RC[-4],R3C13*RC[-4])+(INDEX(_xlfn._xlws.FILTER('Service Duration by unit'!R1C4:R400C4,('Service Duration by unit'!R1C1:R400C1=RC[-3])*('Service Duration by unit'!R1C3:R400C3=_xlfn.MINIFS('Service Duration by unit'!R1C3:R400C3,'Service Duration by unit'!R1C1:R400C1,RC[-3],'Service Duration by unit'!R1C3:R400C3,">="&IF(RC[-5]=R4C13,RC[-1],R3C13)))),1))*RC[-2]/3600)*(1+RC[-1])} -> 0 | R14: {=(IF(RC[-5]=R4C13,RC[-1]*RC[-4],R3C13*RC[-4])+(INDEX(_xlfn._xlws.FILTER('Service Duration by unit'!R1C4:R400C4,('Service Duration by unit'!R1C1:R400C1=RC[-3])*('Service Duration by unit'!R1C3:R400C3=_xlfn.MINIFS('Service Duration by unit'!R1C3:R400C3,'Service Duration by unit'!R1C1:R400C1,RC[-3],'Service Duration by unit'!R1C3:R400C3,">="&IF(RC[-5]=R4C13,RC[-1],R3C13)))),1))*RC[-2]/3600)*(1+RC[-1])} -> 0 | S14: {=(IF(RC[-5]=R4C13,RC[-1]*RC[-4],R3C13*RC[-4])+(INDEX(_xlfn._xlws.FILTER('Service Duration by unit'!R1C4:R400C4,('Service Duration by unit'!R1C1:R400C1=RC[-3])*('Service Duration by unit'!R1C3:R400C3=_xlfn.MINIFS('Service Duration by unit'!R1C3:R400C3,'Service Duration by unit'!R1C1:R400C1,RC[-3],'Service Duration by unit'!R1C3:R400C3,">="&IF(RC[-5]=R4C13,RC[-1],R3C13)))),1))*RC[-2]/3600)*(1+RC[-1])} -> 0 | T14: {=(IF(RC[-5]=R4C13,RC[-1]*RC[-4],R3C13*RC[-4])+(INDEX(_xlfn._xlws.FILTER('Service Duration by unit'!R1C4:R400C4,('Service Duration by unit'!R1C1:R400C1=RC[-3])*('Service Duration by unit'!R1C3:R400C3=_xlfn.MINIFS('Service Duration by unit'!R1C3:R400C3,'Service Duration by unit'!R1C1:R400C1,RC[-3],'Service Duration by unit'!R1C3:R400C3,">="&IF(RC[-5]=R4C13,RC[-1],R3C13)))),1))*RC[-2]/3600)*(1+RC[-1])} -> 0 | U14: {=(IF(RC[-5]=R4C13,RC[-1]*RC[-4],R3C13*RC[-4])+(INDEX(_xlfn._xlws.FILTER('Service Duration by unit'!R1C4:R400C4,('Service Duration by unit'!R1C1:R400C1=RC[-3])*('Service Duration by unit'!R1C3:R400C3=_xlfn.MINIFS('Service Duration by unit'!R1C3:R400C3,'Service Duration by unit'!R1C1:R400C1,RC[-3],'Service Duration by unit'!R1C3:R400C3,">="&IF(RC[-5]=R4C13,RC[-1],R3C13)))),1))*RC[-2]/3600)*(1+RC[-1])} -> 0 | ... FF14: {=(IF(RC[-5]=R4C13,RC[-1]*RC[-4],R3C13*RC[-4])+(INDEX(_xlfn._xlws.FILTER('Service Duration by unit'!R1C4:R400C4,('Service Duration by unit'!R1C1:R400C1=RC[-3])*('Service Duration by unit'!R1C3:R400C3=_xlfn.MINIFS('Service Duration by unit'!R1C3:R400C3,'Service Duration by unit'!R1C1:R400C1,RC[-3],'Service Duration by unit'!R1C3:R400C3,">="&IF(RC[-5]=R4C13,RC[-1],R3C13)))),1))*RC[-2]/3600)*(1+RC[-1])} -> 0
N15: {=(IF(RC[-5]=R4C13,RC[-1]*RC[-4],R3C13*RC[-4])+(INDEX(_xlfn._xlws.FILTER('Service Duration by unit'!R1C4:R400C4,('Service Duration by unit'!R1C1:R400C1=RC[-3])*('Service Duration by unit'!R1C3:R400C3=_xlfn.MINIFS('Service Duration by unit'!R1C3:R400C3,'Service Duration by unit'!R1C1:R400C1,RC[-3],'Service Duration by unit'!R1C3:R400C3,">="&IF(RC[-5]=R4C13,RC[-1],R3C13)))),1))*RC[-2]/3600)*(1+RC[-1])} -> 0 | O15: {=(IF(RC[-5]=R4C13,RC[-1]*RC[-4],R3C13*RC[-4])+(INDEX(_xlfn._xlws.FILTER('Service Duration by unit'!R1C4:R400C4,('Service Duration by unit'!R1C1:R400C1=RC[-3])*('Service Duration by unit'!R1C3:R400C3=_xlfn.MINIFS('Service Duration by unit'!R1C3:R400C3,'Service Duration by unit'!R1C1:R400C1,RC[-3],'Service Duration by unit'!R1C3:R400C3,">="&IF(RC[-5]=R4C13,RC[-1],R3C13)))),1))*RC[-2]/3600)*(1+RC[-1])} -> 0 | P15: {=(IF(RC[-5]=R4C13,RC[-1]*RC[-4],R3C13*RC[-4])+(INDEX(_xlfn._xlws.FILTER('Service Duration by unit'!R1C4:R400C4,('Service Duration by unit'!R1C1:R400C1=RC[-3])*('Service Duration by unit'!R1C3:R400C3=_xlfn.MINIFS('Service Duration by unit'!R1C3:R400C3,'Service Duration by unit'!R1C1:R400C1,RC[-3],'Service Duration by unit'!R1C3:R400C3,">="&IF(RC[-5]=R4C13,RC[-1],R3C13)))),1))*RC[-2]/3600)*(1+RC[-1])} -> 0 | Q15: {=(IF(RC[-5]=R4C13,RC[-1]*RC[-4],R3C13*RC[-4])+(INDEX(_xlfn._xlws.FILTER('Service Duration by unit'!R1C4:R400C4,('Service Duration by unit'!R1C1:R400C1=RC[-3])*('Service Duration by unit'!R1C3:R400C3=_xlfn.MINIFS('Service Duration by unit'!R1C3:R400C3,'Service Duration by unit'!R1C1:R400C1,RC[-3],'Service Duration by unit'!R1C3:R400C3,">="&IF(RC[-5]=R4C13,RC[-1],R3C13)))),1))*RC[-2]/3600)*(1+RC[-1])} -> 0 | R15: {=(IF(RC[-5]=R4C13,RC[-1]*RC[-4],R3C13*RC[-4])+(INDEX(_xlfn._xlws.FILTER('Service Duration by unit'!R1C4:R400C4,('Service Duration by unit'!R1C1:R400C1=RC[-3])*('Service Duration by unit'!R1C3:R400C3=_xlfn.MINIFS('Service Duration by unit'!R1C3:R400C3,'Service Duration by unit'!R1C1:R400C1,RC[-3],'Service Duration by unit'!R1C3:R400C3,">="&IF(RC[-5]=R4C13,RC[-1],R3C13)))),1))*RC[-2]/3600)*(1+RC[-1])} -> 0 | S15: {=(IF(RC[-5]=R4C13,RC[-1]*RC[-4],R3C13*RC[-4])+(INDEX(_xlfn._xlws.FILTER('Service Duration by unit'!R1C4:R400C4,('Service Duration by unit'!R1C1:R400C1=RC[-3])*('Service Duration by unit'!R1C3:R400C3=_xlfn.MINIFS('Service Duration by unit'!R1C3:R400C3,'Service Duration by unit'!R1C1:R400C1,RC[-3],'Service Duration by unit'!R1C3:R400C3,">="&IF(RC[-5]=R4C13,RC[-1],R3C13)))),1))*RC[-2]/3600)*(1+RC[-1])} -> 0 | T15: {=(IF(RC[-5]=R4C13,RC[-1]*RC[-4],R3C13*RC[-4])+(INDEX(_xlfn._xlws.FILTER('Service Duration by unit'!R1C4:R400C4,('Service Duration by unit'!R1C1:R400C1=RC[-3])*('Service Duration by unit'!R1C3:R400C3=_xlfn.MINIFS('Service Duration by unit'!R1C3:R400C3,'Service Duration by unit'!R1C1:R400C1,RC[-3],'Service Duration by unit'!R1C3:R400C3,">="&IF(RC[-5]=R4C13,RC[-1],R3C13)))),1))*RC[-2]/3600)*(1+RC[-1])} -> 0 | U15: {=(IF(RC[-5]=R4C13,RC[-1]*RC[-4],R3C13*RC[-4])+(INDEX(_xlfn._xlws.FILTER('Service Duration by unit'!R1C4:R400C4,('Service Duration by unit'!R1C1:R400C1=RC[-3])*('Service Duration by unit'!R1C3:R400C3=_xlfn.MINIFS('Service Duration by unit'!R1C3:R400C3,'Service Duration by unit'!R1C1:R400C1,RC[-3],'Service Duration by unit'!R1C3:R400C3,">="&IF(RC[-5]=R4C13,RC[-1],R3C13)))),1))*RC[-2]/3600)*(1+RC[-1])} -> 0 | ... FF15: {=(IF(RC[-5]=R4C13,RC[-1]*RC[-4],R3C13*RC[-4])+(INDEX(_xlfn._xlws.FILTER('Service Duration by unit'!R1C4:R400C4,('Service Duration by unit'!R1C1:R400C1=RC[-3])*('Service Duration by unit'!R1C3:R400C3=_xlfn.MINIFS('Service Duration by unit'!R1C3:R400C3,'Service Duration by unit'!R1C1:R400C1,RC[-3],'Service Duration by unit'!R1C3:R400C3,">="&IF(RC[-5]=R4C13,RC[-1],R3C13)))),1))*RC[-2]/3600)*(1+RC[-1])} -> 0
N16: {=(IF(RC[-5]=R4C13,RC[-1]*RC[-4],R3C13*RC[-4])+(INDEX(_xlfn._xlws.FILTER('Service Duration by unit'!R1C4:R400C4,('Service Duration by unit'!R1C1:R400C1=RC[-3])*('Service Duration by unit'!R1C3:R400C3=_xlfn.MINIFS('Service Duration by unit'!R1C3:R400C3,'Service Duration by unit'!R1C1:R400C1,RC[-3],'Service Duration by unit'!R1C3:R400C3,">="&IF(RC[-5]=R4C13,RC[-1],R3C13)))),1))*RC[-2]/3600)*(1+RC[-1])} -> 0 | O16: {=(IF(RC[-5]=R4C13,RC[-1]*RC[-4],R3C13*RC[-4])+(INDEX(_xlfn._xlws.FILTER('Service Duration by unit'!R1C4:R400C4,('Service Duration by unit'!R1C1:R400C1=RC[-3])*('Service Duration by unit'!R1C3:R400C3=_xlfn.MINIFS('Service Duration by unit'!R1C3:R400C3,'Service Duration by unit'!R1C1:R400C1,RC[-3],'Service Duration by unit'!R1C3:R400C3,">="&IF(RC[-5]=R4C13,RC[-1],R3C13)))),1))*RC[-2]/3600)*(1+RC[-1])} -> 0 | P16: {=(IF(RC[-5]=R4C13,RC[-1]*RC[-4],R3C13*RC[-4])+(INDEX(_xlfn._xlws.FILTER('Service Duration by unit'!R1C4:R400C4,('Service Duration by unit'!R1C1:R400C1=RC[-3])*('Service Duration by unit'!R1C3:R400C3=_xlfn.MINIFS('Service Duration by unit'!R1C3:R400C3,'Service Duration by unit'!R1C1:R400C1,RC[-3],'Service Duration by unit'!R1C3:R400C3,">="&IF(RC[-5]=R4C13,RC[-1],R3C13)))),1))*RC[-2]/3600)*(1+RC[-1])} -> 0 | Q16: {=(IF(RC[-5]=R4C13,RC[-1]*RC[-4],R3C13*RC[-4])+(INDEX(_xlfn._xlws.FILTER('Service Duration by unit'!R1C4:R400C4,('Service Duration by unit'!R1C1:R400C1=RC[-3])*('Service Duration by unit'!R1C3:R400C3=_xlfn.MINIFS('Service Duration by unit'!R1C3:R400C3,'Service Duration by unit'!R1C1:R400C1,RC[-3],'Service Duration by unit'!R1C3:R400C3,">="&IF(RC[-5]=R4C13,RC[-1],R3C13)))),1))*RC[-2]/3600)*(1+RC[-1])} -> 0 | R16: {=(IF(RC[-5]=R4C13,RC[-1]*RC[-4],R3C13*RC[-4])+(INDEX(_xlfn._xlws.FILTER('Service Duration by unit'!R1C4:R400C4,('Service Duration by unit'!R1C1:R400C1=RC[-3])*('Service Duration by unit'!R1C3:R400C3=_xlfn.MINIFS('Service Duration by unit'!R1C3:R400C3,'Service Duration by unit'!R1C1:R400C1,RC[-3],'Service Duration by unit'!R1C3:R400C3,">="&IF(RC[-5]=R4C13,RC[-1],R3C13)))),1))*RC[-2]/3600)*(1+RC[-1])} -> 0 | S16: {=(IF(RC[-5]=R4C13,RC[-1]*RC[-4],R3C13*RC[-4])+(INDEX(_xlfn._xlws.FILTER('Service Duration by unit'!R1C4:R400C4,('Service Duration by unit'!R1C1:R400C1=RC[-3])*('Service Duration by unit'!R1C3:R400C3=_xlfn.MINIFS('Service Duration by unit'!R1C3:R400C3,'Service Duration by unit'!R1C1:R400C1,RC[-3],'Service Duration by unit'!R1C3:R400C3,">="&IF(RC[-5]=R4C13,RC[-1],R3C13)))),1))*RC[-2]/3600)*(1+RC[-1])} -> 0 | T16: {=(IF(RC[-5]=R4C13,RC[-1]*RC[-4],R3C13*RC[-4])+(INDEX(_xlfn._xlws.FILTER('Service Duration by unit'!R1C4:R400C4,('Service Duration by unit'!R1C1:R400C1=RC[-3])*('Service Duration by unit'!R1C3:R400C3=_xlfn.MINIFS('Service Duration by unit'!R1C3:R400C3,'Service Duration by unit'!R1C1:R400C1,RC[-3],'Service Duration by unit'!R1C3:R400C3,">="&IF(RC[-5]=R4C13,RC[-1],R3C13)))),1))*RC[-2]/3600)*(1+RC[-1])} -> 0 | U16: {=(IF(RC[-5]=R4C13,RC[-1]*RC[-4],R3C13*RC[-4])+(INDEX(_xlfn._xlws.FILTER('Service Duration by unit'!R1C4:R400C4,('Service Duration by unit'!R1C1:R400C1=RC[-3])*('Service Duration by unit'!R1C3:R400C3=_xlfn.MINIFS('Service Duration by unit'!R1C3:R400C3,'Service Duration by unit'!R1C1:R400C1,RC[-3],'Service Duration by unit'!R1C3:R400C3,">="&IF(RC[-5]=R4C13,RC[-1],R3C13)))),1))*RC[-2]/3600)*(1+RC[-1])} -> 0 | ... FF16: {=(IF(RC[-5]=R4C13,RC[-1]*RC[-4],R3C13*RC[-4])+(INDEX(_xlfn._xlws.FILTER('Service Duration by unit'!R1C4:R400C4,('Service Duration by unit'!R1C1:R400C1=RC[-3])*('Service Duration by unit'!R1C3:R400C3=_xlfn.MINIFS('Service Duration by unit'!R1C3:R400C3,'Service Duration by unit'!R1C1:R400C1,RC[-3],'Service Duration by unit'!R1C3:R400C3,">="&IF(RC[-5]=R4C13,RC[-1],R3C13)))),1))*RC[-2]/3600)*(1+RC[-1])} -> 0
N17: {=(IF(RC[-5]=R4C13,RC[-1]*RC[-4],R3C13*RC[-4])+(INDEX(_xlfn._xlws.FILTER('Service Duration by unit'!R1C4:R400C4,('Service Duration by unit'!R1C1:R400C1=RC[-3])*('Service Duration by unit'!R1C3:R400C3=_xlfn.MINIFS('Service Duration by unit'!R1C3:R400C3,'Service Duration by unit'!R1C1:R400C1,RC[-3],'Service Duration by unit'!R1C3:R400C3,">="&IF(RC[-5]=R4C13,RC[-1],R3C13)))),1))*RC[-2]/3600)*(1+RC[-1])} -> 0 | O17: {=(IF(RC[-5]=R4C13,RC[-1]*RC[-4],R3C13*RC[-4])+(INDEX(_xlfn._xlws.FILTER('Service Duration by unit'!R1C4:R400C4,('Service Duration by unit'!R1C1:R400C1=RC[-3])*('Service Duration by unit'!R1C3:R400C3=_xlfn.MINIFS('Service Duration by unit'!R1C3:R400C3,'Service Duration by unit'!R1C1:R400C1,RC[-3],'Service Duration by unit'!R1C3:R400C3,">="&IF(RC[-5]=R4C13,RC[-1],R3C13)))),1))*RC[-2]/3600)*(1+RC[-1])} -> 0 | P17: {=(IF(RC[-5]=R4C13,RC[-1]*RC[-4],R3C13*RC[-4])+(INDEX(_xlfn._xlws.FILTER('Service Duration by unit'!R1C4:R400C4,('Service Duration by unit'!R1C1:R400C1=RC[-3])*('Service Duration by unit'!R1C3:R400C3=_xlfn.MINIFS('Service Duration by unit'!R1C3:R400C3,'Service Duration by unit'!R1C1:R400C1,RC[-3],'Service Duration by unit'!R1C3:R400C3,">="&IF(RC[-5]=R4C13,RC[-1],R3C13)))),1))*RC[-2]/3600)*(1+RC[-1])} -> 0 | Q17: {=(IF(RC[-5]=R4C13,RC[-1]*RC[-4],R3C13*RC[-4])+(INDEX(_xlfn._xlws.FILTER('Service Duration by unit'!R1C4:R400C4,('Service Duration by unit'!R1C1:R400C1=RC[-3])*('Service Duration by unit'!R1C3:R400C3=_xlfn.MINIFS('Service Duration by unit'!R1C3:R400C3,'Service Duration by unit'!R1C1:R400C1,RC[-3],'Service Duration by unit'!R1C3:R400C3,">="&IF(RC[-5]=R4C13,RC[-1],R3C13)))),1))*RC[-2]/3600)*(1+RC[-1])} -> 0 | R17: {=(IF(RC[-5]=R4C13,RC[-1]*RC[-4],R3C13*RC[-4])+(INDEX(_xlfn._xlws.FILTER('Service Duration by unit'!R1C4:R400C4,('Service Duration by unit'!R1C1:R400C1=RC[-3])*('Service Duration by unit'!R1C3:R400C3=_xlfn.MINIFS('Service Duration by unit'!R1C3:R400C3,'Service Duration by unit'!R1C1:R400C1,RC[-3],'Service Duration by unit'!R1C3:R400C3,">="&IF(RC[-5]=R4C13,RC[-1],R3C13)))),1))*RC[-2]/3600)*(1+RC[-1])} -> 0 | S17: {=(IF(RC[-5]=R4C13,RC[-1]*RC[-4],R3C13*RC[-4])+(INDEX(_xlfn._xlws.FILTER('Service Duration by unit'!R1C4:R400C4,('Service Duration by unit'!R1C1:R400C1=RC[-3])*('Service Duration by unit'!R1C3:R400C3=_xlfn.MINIFS('Service Duration by unit'!R1C3:R400C3,'Service Duration by unit'!R1C1:R400C1,RC[-3],'Service Duration by unit'!R1C3:R400C3,">="&IF(RC[-5]=R4C13,RC[-1],R3C13)))),1))*RC[-2]/3600)*(1+RC[-1])} -> 0 | T17: {=(IF(RC[-5]=R4C13,RC[-1]*RC[-4],R3C13*RC[-4])+(INDEX(_xlfn._xlws.FILTER('Service Duration by unit'!R1C4:R400C4,('Service Duration by unit'!R1C1:R400C1=RC[-3])*('Service Duration by unit'!R1C3:R400C3=_xlfn.MINIFS('Service Duration by unit'!R1C3:R400C3,'Service Duration by unit'!R1C1:R400C1,RC[-3],'Service Duration by unit'!R1C3:R400C3,">="&IF(RC[-5]=R4C13,RC[-1],R3C13)))),1))*RC[-2]/3600)*(1+RC[-1])} -> 0 | U17: {=(IF(RC[-5]=R4C13,RC[-1]*RC[-4],R3C13*RC[-4])+(INDEX(_xlfn._xlws.FILTER('Service Duration by unit'!R1C4:R400C4,('Service Duration by unit'!R1C1:R400C1=RC[-3])*('Service Duration by unit'!R1C3:R400C3=_xlfn.MINIFS('Service Duration by unit'!R1C3:R400C3,'Service Duration by unit'!R1C1:R400C1,RC[-3],'Service Duration by unit'!R1C3:R400C3,">="&IF(RC[-5]=R4C13,RC[-1],R3C13)))),1))*RC[-2]/3600)*(1+RC[-1])} -> 0 | ... FF17: {=(IF(RC[-5]=R4C13,RC[-1]*RC[-4],R3C13*RC[-4])+(INDEX(_xlfn._xlws.FILTER('Service Duration by unit'!R1C4:R400C4,('Service Duration by unit'!R1C1:R400C1=RC[-3])*('Service Duration by unit'!R1C3:R400C3=_xlfn.MINIFS('Service Duration by unit'!R1C3:R400C3,'Service Duration by unit'!R1C1:R400C1,RC[-3],'Service Duration by unit'!R1C3:R400C3,">="&IF(RC[-5]=R4C13,RC[-1],R3C13)))),1))*RC[-2]/3600)*(1+RC[-1])} -> 0
N18: {=(IF(RC[-5]=R4C13,RC[-1]*RC[-4],R3C13*RC[-4])+(INDEX(_xlfn._xlws.FILTER('Service Duration by unit'!R1C4:R400C4,('Service Duration by unit'!R1C1:R400C1=RC[-3])*('Service Duration by unit'!R1C3:R400C3=_xlfn.MINIFS('Service Duration by unit'!R1C3:R400C3,'Service Duration by unit'!R1C1:R400C1,RC[-3],'Service Duration by unit'!R1C3:R400C3,">="&IF(RC[-5]=R4C13,RC[-1],R3C13)))),1))*RC[-2]/3600)*(1+RC[-1])} -> 0 | O18: {=(IF(RC[-5]=R4C13,RC[-1]*RC[-4],R3C13*RC[-4])+(INDEX(_xlfn._xlws.FILTER('Service Duration by unit'!R1C4:R400C4,('Service Duration by unit'!R1C1:R400C1=RC[-3])*('Service Duration by unit'!R1C3:R400C3=_xlfn.MINIFS('Service Duration by unit'!R1C3:R400C3,'Service Duration by unit'!R1C1:R400C1,RC[-3],'Service Duration by unit'!R1C3:R400C3,">="&IF(RC[-5]=R4C13,RC[-1],R3C13)))),1))*RC[-2]/3600)*(1+RC[-1])} -> 0 | P18: {=(IF(RC[-5]=R4C13,RC[-1]*RC[-4],R3C13*RC[-4])+(INDEX(_xlfn._xlws.FILTER('Service Duration by unit'!R1C4:R400C4,('Service Duration by unit'!R1C1:R400C1=RC[-3])*('Service Duration by unit'!R1C3:R400C3=_xlfn.MINIFS('Service Duration by unit'!R1C3:R400C3,'Service Duration by unit'!R1C1:R400C1,RC[-3],'Service Duration by unit'!R1C3:R400C3,">="&IF(RC[-5]=R4C13,RC[-1],R3C13)))),1))*RC[-2]/3600)*(1+RC[-1])} -> 0 | Q18: {=(IF(RC[-5]=R4C13,RC[-1]*RC[-4],R3C13*RC[-4])+(INDEX(_xlfn._xlws.FILTER('Service Duration by unit'!R1C4:R400C4,('Service Duration by unit'!R1C1:R400C1=RC[-3])*('Service Duration by unit'!R1C3:R400C3=_xlfn.MINIFS('Service Duration by unit'!R1C3:R400C3,'Service Duration by unit'!R1C1:R400C1,RC[-3],'Service Duration by unit'!R1C3:R400C3,">="&IF(RC[-5]=R4C13,RC[-1],R3C13)))),1))*RC[-2]/3600)*(1+RC[-1])} -> 0 | R18: {=(IF(RC[-5]=R4C13,RC[-1]*RC[-4],R3C13*RC[-4])+(INDEX(_xlfn._xlws.FILTER('Service Duration by unit'!R1C4:R400C4,('Service Duration by unit'!R1C1:R400C1=RC[-3])*('Service Duration by unit'!R1C3:R400C3=_xlfn.MINIFS('Service Duration by unit'!R1C3:R400C3,'Service Duration by unit'!R1C1:R400C1,RC[-3],'Service Duration by unit'!R1C3:R400C3,">="&IF(RC[-5]=R4C13,RC[-1],R3C13)))),1))*RC[-2]/3600)*(1+RC[-1])} -> 0 | S18: {=(IF(RC[-5]=R4C13,RC[-1]*RC[-4],R3C13*RC[-4])+(INDEX(_xlfn._xlws.FILTER('Service Duration by unit'!R1C4:R400C4,('Service Duration by unit'!R1C1:R400C1=RC[-3])*('Service Duration by unit'!R1C3:R400C3=_xlfn.MINIFS('Service Duration by unit'!R1C3:R400C3,'Service Duration by unit'!R1C1:R400C1,RC[-3],'Service Duration by unit'!R1C3:R400C3,">="&IF(RC[-5]=R4C13,RC[-1],R3C13)))),1))*RC[-2]/3600)*(1+RC[-1])} -> 0 | T18: {=(IF(RC[-5]=R4C13,RC[-1]*RC[-4],R3C13*RC[-4])+(INDEX(_xlfn._xlws.FILTER('Service Duration by unit'!R1C4:R400C4,('Service Duration by unit'!R1C1:R400C1=RC[-3])*('Service Duration by unit'!R1C3:R400C3=_xlfn.MINIFS('Service Duration by unit'!R1C3:R400C3,'Service Duration by unit'!R1C1:R400C1,RC[-3],'Service Duration by unit'!R1C3:R400C3,">="&IF(RC[-5]=R4C13,RC[-1],R3C13)))),1))*RC[-2]/3600)*(1+RC[-1])} -> 0 | U18: {=(IF(RC[-5]=R4C13,RC[-1]*RC[-4],R3C13*RC[-4])+(INDEX(_xlfn._xlws.FILTER('Service Duration by unit'!R1C4:R400C4,('Service Duration by unit'!R1C1:R400C1=RC[-3])*('Service Duration by unit'!R1C3:R400C3=_xlfn.MINIFS('Service Duration by unit'!R1C3:R400C3,'Service Duration by unit'!R1C1:R400C1,RC[-3],'Service Duration by unit'!R1C3:R400C3,">="&IF(RC[-5]=R4C13,RC[-1],R3C13)))),1))*RC[-2]/3600)*(1+RC[-1])} -> 0 | ... FF18: {=(IF(RC[-5]=R4C13,RC[-1]*RC[-4],R3C13*RC[-4])+(INDEX(_xlfn._xlws.FILTER('Service Duration by unit'!R1C4:R400C4,('Service Duration by unit'!R1C1:R400C1=RC[-3])*('Service Duration by unit'!R1C3:R400C3=_xlfn.MINIFS('Service Duration by unit'!R1C3:R400C3,'Service Duration by unit'!R1C1:R400C1,RC[-3],'Service Duration by unit'!R1C3:R400C3,">="&IF(RC[-5]=R4C13,RC[-1],R3C13)))),1))*RC[-2]/3600)*(1+RC[-1])} -> 0
N19: {=(IF(RC[-5]=R4C13,RC[-1]*RC[-4],R3C13*RC[-4])+(INDEX(_xlfn._xlws.FILTER('Service Duration by unit'!R1C4:R400C4,('Service Duration by unit'!R1C1:R400C1=RC[-3])*('Service Duration by unit'!R1C3:R400C3=_xlfn.MINIFS('Service Duration by unit'!R1C3:R400C3,'Service Duration by unit'!R1C1:R400C1,RC[-3],'Service Duration by unit'!R1C3:R400C3,">="&IF(RC[-5]=R4C13,RC[-1],R3C13)))),1))*RC[-2]/3600)*(1+RC[-1])} -> 0 | O19: {=(IF(RC[-5]=R4C13,RC[-1]*RC[-4],R3C13*RC[-4])+(INDEX(_xlfn._xlws.FILTER('Service Duration by unit'!R1C4:R400C4,('Service Duration by unit'!R1C1:R400C1=RC[-3])*('Service Duration by unit'!R1C3:R400C3=_xlfn.MINIFS('Service Duration by unit'!R1C3:R400C3,'Service Duration by unit'!R1C1:R400C1,RC[-3],'Service Duration by unit'!R1C3:R400C3,">="&IF(RC[-5]=R4C13,RC[-1],R3C13)))),1))*RC[-2]/3600)*(1+RC[-1])} -> 0 | P19: {=(IF(RC[-5]=R4C13,RC[-1]*RC[-4],R3C13*RC[-4])+(INDEX(_xlfn._xlws.FILTER('Service Duration by unit'!R1C4:R400C4,('Service Duration by unit'!R1C1:R400C1=RC[-3])*('Service Duration by unit'!R1C3:R400C3=_xlfn.MINIFS('Service Duration by unit'!R1C3:R400C3,'Service Duration by unit'!R1C1:R400C1,RC[-3],'Service Duration by unit'!R1C3:R400C3,">="&IF(RC[-5]=R4C13,RC[-1],R3C13)))),1))*RC[-2]/3600)*(1+RC[-1])} -> 0 | Q19: {=(IF(RC[-5]=R4C13,RC[-1]*RC[-4],R3C13*RC[-4])+(INDEX(_xlfn._xlws.FILTER('Service Duration by unit'!R1C4:R400C4,('Service Duration by unit'!R1C1:R400C1=RC[-3])*('Service Duration by unit'!R1C3:R400C3=_xlfn.MINIFS('Service Duration by unit'!R1C3:R400C3,'Service Duration by unit'!R1C1:R400C1,RC[-3],'Service Duration by unit'!R1C3:R400C3,">="&IF(RC[-5]=R4C13,RC[-1],R3C13)))),1))*RC[-2]/3600)*(1+RC[-1])} -> 0 | R19: {=(IF(RC[-5]=R4C13,RC[-1]*RC[-4],R3C13*RC[-4])+(INDEX(_xlfn._xlws.FILTER('Service Duration by unit'!R1C4:R400C4,('Service Duration by unit'!R1C1:R400C1=RC[-3])*('Service Duration by unit'!R1C3:R400C3=_xlfn.MINIFS('Service Duration by unit'!R1C3:R400C3,'Service Duration by unit'!R1C1:R400C1,RC[-3],'Service Duration by unit'!R1C3:R400C3,">="&IF(RC[-5]=R4C13,RC[-1],R3C13)))),1))*RC[-2]/3600)*(1+RC[-1])} -> 0 | S19: {=(IF(RC[-5]=R4C13,RC[-1]*RC[-4],R3C13*RC[-4])+(INDEX(_xlfn._xlws.FILTER('Service Duration by unit'!R1C4:R400C4,('Service Duration by unit'!R1C1:R400C1=RC[-3])*('Service Duration by unit'!R1C3:R400C3=_xlfn.MINIFS('Service Duration by unit'!R1C3:R400C3,'Service Duration by unit'!R1C1:R400C1,RC[-3],'Service Duration by unit'!R1C3:R400C3,">="&IF(RC[-5]=R4C13,RC[-1],R3C13)))),1))*RC[-2]/3600)*(1+RC[-1])} -> 0 | T19: {=(IF(RC[-5]=R4C13,RC[-1]*RC[-4],R3C13*RC[-4])+(INDEX(_xlfn._xlws.FILTER('Service Duration by unit'!R1C4:R400C4,('Service Duration by unit'!R1C1:R400C1=RC[-3])*('Service Duration by unit'!R1C3:R400C3=_xlfn.MINIFS('Service Duration by unit'!R1C3:R400C3,'Service Duration by unit'!R1C1:R400C1,RC[-3],'Service Duration by unit'!R1C3:R400C3,">="&IF(RC[-5]=R4C13,RC[-1],R3C13)))),1))*RC[-2]/3600)*(1+RC[-1])} -> 0 | U19: {=(IF(RC[-5]=R4C13,RC[-1]*RC[-4],R3C13*RC[-4])+(INDEX(_xlfn._xlws.FILTER('Service Duration by unit'!R1C4:R400C4,('Service Duration by unit'!R1C1:R400C1=RC[-3])*('Service Duration by unit'!R1C3:R400C3=_xlfn.MINIFS('Service Duration by unit'!R1C3:R400C3,'Service Duration by unit'!R1C1:R400C1,RC[-3],'Service Duration by unit'!R1C3:R400C3,">="&IF(RC[-5]=R4C13,RC[-1],R3C13)))),1))*RC[-2]/3600)*(1+RC[-1])} -> 0 | ... FF19: {=(IF(RC[-5]=R4C13,RC[-1]*RC[-4],R3C13*RC[-4])+(INDEX(_xlfn._xlws.FILTER('Service Duration by unit'!R1C4:R400C4,('Service Duration by unit'!R1C1:R400C1=RC[-3])*('Service Duration by unit'!R1C3:R400C3=_xlfn.MINIFS('Service Duration by unit'!R1C3:R400C3,'Service Duration by unit'!R1C1:R400C1,RC[-3],'Service Duration by unit'!R1C3:R400C3,">="&IF(RC[-5]=R4C13,RC[-1],R3C13)))),1))*RC[-2]/3600)*(1+RC[-1])} -> 0
N20: {=(IF(RC[-5]=R4C13,RC[-1]*RC[-4],R3C13*RC[-4])+(INDEX(_xlfn._xlws.FILTER('Service Duration by unit'!R1C4:R400C4,('Service Duration by unit'!R1C1:R400C1=RC[-3])*('Service Duration by unit'!R1C3:R400C3=_xlfn.MINIFS('Service Duration by unit'!R1C3:R400C3,'Service Duration by unit'!R1C1:R400C1,RC[-3],'Service Duration by unit'!R1C3:R400C3,">="&IF(RC[-5]=R4C13,RC[-1],R3C13)))),1))*RC[-2]/3600)*(1+RC[-1])} -> 0 | O20: {=(IF(RC[-5]=R4C13,RC[-1]*RC[-4],R3C13*RC[-4])+(INDEX(_xlfn._xlws.FILTER('Service Duration by unit'!R1C4:R400C4,('Service Duration by unit'!R1C1:R400C1=RC[-3])*('Service Duration by unit'!R1C3:R400C3=_xlfn.MINIFS('Service Duration by unit'!R1C3:R400C3,'Service Duration by unit'!R1C1:R400C1,RC[-3],'Service Duration by unit'!R1C3:R400C3,">="&IF(RC[-5]=R4C13,RC[-1],R3C13)))),1))*RC[-2]/3600)*(1+RC[-1])} -> 0 | P20: {=(IF(RC[-5]=R4C13,RC[-1]*RC[-4],R3C13*RC[-4])+(INDEX(_xlfn._xlws.FILTER('Service Duration by unit'!R1C4:R400C4,('Service Duration by unit'!R1C1:R400C1=RC[-3])*('Service Duration by unit'!R1C3:R400C3=_xlfn.MINIFS('Service Duration by unit'!R1C3:R400C3,'Service Duration by unit'!R1C1:R400C1,RC[-3],'Service Duration by unit'!R1C3:R400C3,">="&IF(RC[-5]=R4C13,RC[-1],R3C13)))),1))*RC[-2]/3600)*(1+RC[-1])} -> 0 | Q20: {=(IF(RC[-5]=R4C13,RC[-1]*RC[-4],R3C13*RC[-4])+(INDEX(_xlfn._xlws.FILTER('Service Duration by unit'!R1C4:R400C4,('Service Duration by unit'!R1C1:R400C1=RC[-3])*('Service Duration by unit'!R1C3:R400C3=_xlfn.MINIFS('Service Duration by unit'!R1C3:R400C3,'Service Duration by unit'!R1C1:R400C1,RC[-3],'Service Duration by unit'!R1C3:R400C3,">="&IF(RC[-5]=R4C13,RC[-1],R3C13)))),1))*RC[-2]/3600)*(1+RC[-1])} -> 0 | R20: {=(IF(RC[-5]=R4C13,RC[-1]*RC[-4],R3C13*RC[-4])+(INDEX(_xlfn._xlws.FILTER('Service Duration by unit'!R1C4:R400C4,('Service Duration by unit'!R1C1:R400C1=RC[-3])*('Service Duration by unit'!R1C3:R400C3=_xlfn.MINIFS('Service Duration by unit'!R1C3:R400C3,'Service Duration by unit'!R1C1:R400C1,RC[-3],'Service Duration by unit'!R1C3:R400C3,">="&IF(RC[-5]=R4C13,RC[-1],R3C13)))),1))*RC[-2]/3600)*(1+RC[-1])} -> 0 | S20: {=(IF(RC[-5]=R4C13,RC[-1]*RC[-4],R3C13*RC[-4])+(INDEX(_xlfn._xlws.FILTER('Service Duration by unit'!R1C4:R400C4,('Service Duration by unit'!R1C1:R400C1=RC[-3])*('Service Duration by unit'!R1C3:R400C3=_xlfn.MINIFS('Service Duration by unit'!R1C3:R400C3,'Service Duration by unit'!R1C1:R400C1,RC[-3],'Service Duration by unit'!R1C3:R400C3,">="&IF(RC[-5]=R4C13,RC[-1],R3C13)))),1))*RC[-2]/3600)*(1+RC[-1])} -> 0 | T20: {=(IF(RC[-5]=R4C13,RC[-1]*RC[-4],R3C13*RC[-4])+(INDEX(_xlfn._xlws.FILTER('Service Duration by unit'!R1C4:R400C4,('Service Duration by unit'!R1C1:R400C1=RC[-3])*('Service Duration by unit'!R1C3:R400C3=_xlfn.MINIFS('Service Duration by unit'!R1C3:R400C3,'Service Duration by unit'!R1C1:R400C1,RC[-3],'Service Duration by unit'!R1C3:R400C3,">="&IF(RC[-5]=R4C13,RC[-1],R3C13)))),1))*RC[-2]/3600)*(1+RC[-1])} -> 0 | U20: {=(IF(RC[-5]=R4C13,RC[-1]*RC[-4],R3C13*RC[-4])+(INDEX(_xlfn._xlws.FILTER('Service Duration by unit'!R1C4:R400C4,('Service Duration by unit'!R1C1:R400C1=RC[-3])*('Service Duration by unit'!R1C3:R400C3=_xlfn.MINIFS('Service Duration by unit'!R1C3:R400C3,'Service Duration by unit'!R1C1:R400C1,RC[-3],'Service Duration by unit'!R1C3:R400C3,">="&IF(RC[-5]=R4C13,RC[-1],R3C13)))),1))*RC[-2]/3600)*(1+RC[-1])} -> 0 | ... FF20: {=(IF(RC[-5]=R4C13,RC[-1]*RC[-4],R3C13*RC[-4])+(INDEX(_xlfn._xlws.FILTER('Service Duration by unit'!R1C4:R400C4,('Service Duration by unit'!R1C1:R400C1=RC[-3])*('Service Duration by unit'!R1C3:R400C3=_xlfn.MINIFS('Service Duration by unit'!R1C3:R400C3,'Service Duration by unit'!R1C1:R400C1,RC[-3],'Service Duration by unit'!R1C3:R400C3,">="&IF(RC[-5]=R4C13,RC[-1],R3C13)))),1))*RC[-2]/3600)*(1+RC[-1])} -> 0
N21: {=(IF(RC[-5]=R4C13,RC[-1]*RC[-4],R3C13*RC[-4])+(INDEX(_xlfn._xlws.FILTER('Service Duration by unit'!R1C4:R400C4,('Service Duration by unit'!R1C1:R400C1=RC[-3])*('Service Duration by unit'!R1C3:R400C3=_xlfn.MINIFS('Service Duration by unit'!R1C3:R400C3,'Service Duration by unit'!R1C1:R400C1,RC[-3],'Service Duration by unit'!R1C3:R400C3,">="&IF(RC[-5]=R4C13,RC[-1],R3C13)))),1))*RC[-2]/3600)*(1+RC[-1])} -> 0 | O21: {=(IF(RC[-5]=R4C13,RC[-1]*RC[-4],R3C13*RC[-4])+(INDEX(_xlfn._xlws.FILTER('Service Duration by unit'!R1C4:R400C4,('Service Duration by unit'!R1C1:R400C1=RC[-3])*('Service Duration by unit'!R1C3:R400C3=_xlfn.MINIFS('Service Duration by unit'!R1C3:R400C3,'Service Duration by unit'!R1C1:R400C1,RC[-3],'Service Duration by unit'!R1C3:R400C3,">="&IF(RC[-5]=R4C13,RC[-1],R3C13)))),1))*RC[-2]/3600)*(1+RC[-1])} -> 0 | P21: {=(IF(RC[-5]=R4C13,RC[-1]*RC[-4],R3C13*RC[-4])+(INDEX(_xlfn._xlws.FILTER('Service Duration by unit'!R1C4:R400C4,('Service Duration by unit'!R1C1:R400C1=RC[-3])*('Service Duration by unit'!R1C3:R400C3=_xlfn.MINIFS('Service Duration by unit'!R1C3:R400C3,'Service Duration by unit'!R1C1:R400C1,RC[-3],'Service Duration by unit'!R1C3:R400C3,">="&IF(RC[-5]=R4C13,RC[-1],R3C13)))),1))*RC[-2]/3600)*(1+RC[-1])} -> 0 | Q21: {=(IF(RC[-5]=R4C13,RC[-1]*RC[-4],R3C13*RC[-4])+(INDEX(_xlfn._xlws.FILTER('Service Duration by unit'!R1C4:R400C4,('Service Duration by unit'!R1C1:R400C1=RC[-3])*('Service Duration by unit'!R1C3:R400C3=_xlfn.MINIFS('Service Duration by unit'!R1C3:R400C3,'Service Duration by unit'!R1C1:R400C1,RC[-3],'Service Duration by unit'!R1C3:R400C3,">="&IF(RC[-5]=R4C13,RC[-1],R3C13)))),1))*RC[-2]/3600)*(1+RC[-1])} -> 0 | R21: {=(IF(RC[-5]=R4C13,RC[-1]*RC[-4],R3C13*RC[-4])+(INDEX(_xlfn._xlws.FILTER('Service Duration by unit'!R1C4:R400C4,('Service Duration by unit'!R1C1:R400C1=RC[-3])*('Service Duration by unit'!R1C3:R400C3=_xlfn.MINIFS('Service Duration by unit'!R1C3:R400C3,'Service Duration by unit'!R1C1:R400C1,RC[-3],'Service Duration by unit'!R1C3:R400C3,">="&IF(RC[-5]=R4C13,RC[-1],R3C13)))),1))*RC[-2]/3600)*(1+RC[-1])} -> 0 | S21: {=(IF(RC[-5]=R4C13,RC[-1]*RC[-4],R3C13*RC[-4])+(INDEX(_xlfn._xlws.FILTER('Service Duration by unit'!R1C4:R400C4,('Service Duration by unit'!R1C1:R400C1=RC[-3])*('Service Duration by unit'!R1C3:R400C3=_xlfn.MINIFS('Service Duration by unit'!R1C3:R400C3,'Service Duration by unit'!R1C1:R400C1,RC[-3],'Service Duration by unit'!R1C3:R400C3,">="&IF(RC[-5]=R4C13,RC[-1],R3C13)))),1))*RC[-2]/3600)*(1+RC[-1])} -> 0 | T21: {=(IF(RC[-5]=R4C13,RC[-1]*RC[-4],R3C13*RC[-4])+(INDEX(_xlfn._xlws.FILTER('Service Duration by unit'!R1C4:R400C4,('Service Duration by unit'!R1C1:R400C1=RC[-3])*('Service Duration by unit'!R1C3:R400C3=_xlfn.MINIFS('Service Duration by unit'!R1C3:R400C3,'Service Duration by unit'!R1C1:R400C1,RC[-3],'Service Duration by unit'!R1C3:R400C3,">="&IF(RC[-5]=R4C13,RC[-1],R3C13)))),1))*RC[-2]/3600)*(1+RC[-1])} -> 0 | U21: {=(IF(RC[-5]=R4C13,RC[-1]*RC[-4],R3C13*RC[-4])+(INDEX(_xlfn._xlws.FILTER('Service Duration by unit'!R1C4:R400C4,('Service Duration by unit'!R1C1:R400C1=RC[-3])*('Service Duration by unit'!R1C3:R400C3=_xlfn.MINIFS('Service Duration by unit'!R1C3:R400C3,'Service Duration by unit'!R1C1:R400C1,RC[-3],'Service Duration by unit'!R1C3:R400C3,">="&IF(RC[-5]=R4C13,RC[-1],R3C13)))),1))*RC[-2]/3600)*(1+RC[-1])} -> 0 | ... FF21: {=(IF(RC[-5]=R4C13,RC[-1]*RC[-4],R3C13*RC[-4])+(INDEX(_xlfn._xlws.FILTER('Service Duration by unit'!R1C4:R400C4,('Service Duration by unit'!R1C1:R400C1=RC[-3])*('Service Duration by unit'!R1C3:R400C3=_xlfn.MINIFS('Service Duration by unit'!R1C3:R400C3,'Service Duration by unit'!R1C1:R400C1,RC[-3],'Service Duration by unit'!R1C3:R400C3,">="&IF(RC[-5]=R4C13,RC[-1],R3C13)))),1))*RC[-2]/3600)*(1+RC[-1])} -> 0
... N50: {=(IF(RC[-5]=R4C13,RC[-1]*RC[-4],R3C13*RC[-4])+(INDEX(_xlfn._xlws.FILTER('Service Duration by unit'!R1C4:R400C4,('Service Duration by unit'!R1C1:R400C1=RC[-3])*('Service Duration by unit'!R1C3:R400C3=_xlfn.MINIFS('Service Duration by unit'!R1C3:R400C3,'Service Duration by unit'!R1C1:R400C1,RC[-3],'Service Duration by unit'!R1C3:R400C3,">="&IF(RC[-5]=R4C13,RC[-1],R3C13)))),1))*RC[-2]/3600)*(1+RC[-1])} -> 0 | O50: {=(IF(RC[-5]=R4C13,RC[-1]*RC[-4],R3C13*RC[-4])+(INDEX(_xlfn._xlws.FILTER('Service Duration by unit'!R1C4:R400C4,('Service Duration by unit'!R1C1:R400C1=RC[-3])*('Service Duration by unit'!R1C3:R400C3=_xlfn.MINIFS('Service Duration by unit'!R1C3:R400C3,'Service Duration by unit'!R1C1:R400C1,RC[-3],'Service Duration by unit'!R1C3:R400C3,">="&IF(RC[-5]=R4C13,RC[-1],R3C13)))),1))*RC[-2]/3600)*(1+RC[-1])} -> 0 | P50: {=(IF(RC[-5]=R4C13,RC[-1]*RC[-4],R3C13*RC[-4])+(INDEX(_xlfn._xlws.FILTER('Service Duration by unit'!R1C4:R400C4,('Service Duration by unit'!R1C1:R400C1=RC[-3])*('Service Duration by unit'!R1C3:R400C3=_xlfn.MINIFS('Service Duration by unit'!R1C3:R400C3,'Service Duration by unit'!R1C1:R400C1,RC[-3],'Service Duration by unit'!R1C3:R400C3,">="&IF(RC[-5]=R4C13,RC[-1],R3C13)))),1))*RC[-2]/3600)*(1+RC[-1])} -> 0 | Q50: {=(IF(RC[-5]=R4C13,RC[-1]*RC[-4],R3C13*RC[-4])+(INDEX(_xlfn._xlws.FILTER('Service Duration by unit'!R1C4:R400C4,('Service Duration by unit'!R1C1:R400C1=RC[-3])*('Service Duration by unit'!R1C3:R400C3=_xlfn.MINIFS('Service Duration by unit'!R1C3:R400C3,'Service Duration by unit'!R1C1:R400C1,RC[-3],'Service Duration by unit'!R1C3:R400C3,">="&IF(RC[-5]=R4C13,RC[-1],R3C13)))),1))*RC[-2]/3600)*(1+RC[-1])} -> 0 | R50: {=(IF(RC[-5]=R4C13,RC[-1]*RC[-4],R3C13*RC[-4])+(INDEX(_xlfn._xlws.FILTER('Service Duration by unit'!R1C4:R400C4,('Service Duration by unit'!R1C1:R400C1=RC[-3])*('Service Duration by unit'!R1C3:R400C3=_xlfn.MINIFS('Service Duration by unit'!R1C3:R400C3,'Service Duration by unit'!R1C1:R400C1,RC[-3],'Service Duration by unit'!R1C3:R400C3,">="&IF(RC[-5]=R4C13,RC[-1],R3C13)))),1))*RC[-2]/3600)*(1+RC[-1])} -> 0 | S50: {=(IF(RC[-5]=R4C13,RC[-1]*RC[-4],R3C13*RC[-4])+(INDEX(_xlfn._xlws.FILTER('Service Duration by unit'!R1C4:R400C4,('Service Duration by unit'!R1C1:R400C1=RC[-3])*('Service Duration by unit'!R1C3:R400C3=_xlfn.MINIFS('Service Duration by unit'!R1C3:R400C3,'Service Duration by unit'!R1C1:R400C1,RC[-3],'Service Duration by unit'!R1C3:R400C3,">="&IF(RC[-5]=R4C13,RC[-1],R3C13)))),1))*RC[-2]/3600)*(1+RC[-1])} -> 0 | T50: {=(IF(RC[-5]=R4C13,RC[-1]*RC[-4],R3C13*RC[-4])+(INDEX(_xlfn._xlws.FILTER('Service Duration by unit'!R1C4:R400C4,('Service Duration by unit'!R1C1:R400C1=RC[-3])*('Service Duration by unit'!R1C3:R400C3=_xlfn.MINIFS('Service Duration by unit'!R1C3:R400C3,'Service Duration by unit'!R1C1:R400C1,RC[-3],'Service Duration by unit'!R1C3:R400C3,">="&IF(RC[-5]=R4C13,RC[-1],R3C13)))),1))*RC[-2]/3600)*(1+RC[-1])} -> 0 | U50: {=(IF(RC[-5]=R4C13,RC[-1]*RC[-4],R3C13*RC[-4])+(INDEX(_xlfn._xlws.FILTER('Service Duration by unit'!R1C4:R400C4,('Service Duration by unit'!R1C1:R400C1=RC[-3])*('Service Duration by unit'!R1C3:R400C3=_xlfn.MINIFS('Service Duration by unit'!R1C3:R400C3,'Service Duration by unit'!R1C1:R400C1,RC[-3],'Service Duration by unit'!R1C3:R400C3,">="&IF(RC[-5]=R4C13,RC[-1],R3C13)))),1))*RC[-2]/3600)*(1+RC[-1])} -> 0 | ... FF50: {=(IF(RC[-5]=R4C13,RC[-1]*RC[-4],R3C13*RC[-4])+(INDEX(_xlfn._xlws.FILTER('Service Duration by unit'!R1C4:R400C4,('Service Duration by unit'!R1C1:R400C1=RC[-3])*('Service Duration by unit'!R1C3:R400C3=_xlfn.MINIFS('Service Duration by unit'!R1C3:R400C3,'Service Duration by unit'!R1C1:R400C1,RC[-3],'Service Duration by unit'!R1C3:R400C3,">="&IF(RC[-5]=R4C13,RC[-1],R3C13)))),1))*RC[-2]/3600)*(1+RC[-1])} -> 0
